0,-17
1,-16
2,-14
3,-15
4,-19
5,-18
6,-20
7,-20
8,-20
9,-17
10,-12
11,-9
12,-11
13,-12
14,-14
15,-16
16,-17
17,-16
18,-14
19,-8
20,-10
21,-9
22,-8
23,-8
24,-11
25,-12
26,-11
27,-11
28,-11
29,-9
30,-8
31,-9
32,-8
33,-6
34,-7
35,-9
36,-11
37,-11
38,-10
39,-4
40,-3
41,-2
42,1
43,0
44,-1
45,-5
46,-7
47,-6
48,-6
49,-3
50,-1
51,0
52,2
53,4
54,0
55,-1
56,1
57,1
58,2
59,5
60,8
61,11
62,12
63,9
64,8
65,9
66,8
67,8
68,14
69,15
70,18
71,21
72,21
73,23
74,21
75,20
76,20
77,19
78,25
79,31
80,32
81,32
82,35
83,35
84,31
85,32
86,30
87,30
88,32
89,36
90,38
91,38
92,40
93,38
94,36
95,35
96,33
97,32
98,33
99,31
100,33
101,33
102,34
103,29
104,27
105,22
106,18
107,14
108,15
109,17
110,17
111,14
112,14
113,10
114,8
115,5
116,1
117,-1
118,0
119,0
120,1
121,2
122,0
123,2
124,3
125,6
126,7
127,9
128,13
129,17
130,18
131,24
132,23
133,18
134,17
135,14
136,16
137,16
138,18
139,19
140,22
141,23
142,26
143,23
144,20
145,19
146,19
147,19
148,20
149,22
150,24
151,25
152,28
153,27
154,23
155,23
156,23
157,23
158,25
159,26
160,25
161,28
162,28
163,28
164,26
165,21
166,20
167,20
168,26
169,28
170,27
171,30
172,29
173,26
174,25
175,25
176,23
177,24
178,25
179,28
180,28
181,30
182,29
183,28
184,27
185,28
186,25
187,25
188,27
189,29
190,29
191,28
192,27
193,24
194,24
195,22
196,23
197,24
198,27
199,27
200,26
201,27
202,26
203,22
204,22
205,22
206,21
207,23
208,25
209,26
210,23
211,24
212,23
213,21
214,20
215,21
216,18
217,20
218,21
219,22
220,24
221,27
222,24
223,22
224,19
225,20
226,19
227,20
228,22
229,22
230,23
231,23
232,19
233,16
234,15
235,14
236,14
237,15
238,18
239,17
240,20
241,25
242,22
243,21
244,15
245,16
246,13
247,15
248,16
249,18
250,20
251,23
252,21
253,18
254,17
255,18
256,17
257,19
258,22
259,27
260,26
261,27
262,25
263,24
264,22
265,21
266,19
267,22
268,28
269,27
270,28
271,28
272,26
273,25
274,24
275,21
276,20
277,24
278,30
279,32
280,32
281,34
282,32
283,24
284,23
285,23
286,19
287,19
288,20
289,19
290,18
291,18
292,17
293,11
294,13
295,12
296,13
297,15
298,16
299,16
300,19
301,15
302,11
303,10
304,9
305,7
306,9
307,9
308,11
309,12
310,12
311,12
312,12
313,10
314,7
315,4
316,5
317,7
318,9
319,11
320,12
321,11
322,7
323,5
324,6
325,4
326,6
327,10
328,6
329,8
330,10
331,8
332,5
333,0
334,-2
335,-5
336,-6
337,-5
338,-3
339,-1
340,6
341,13
342,22
343,32
344,40
345,51
346,67
347,85
348,106
349,129
350,144
351,147
352,137
353,126
354,114
355,97
356,82
357,67
358,46
359,20
360,2
361,-12
362,-20
363,-20
364,-18
365,-17
366,-12
367,-4
368,2
369,7
370,8
371,7
372,3
373,-1
374,-4
375,-5
376,-2
377,0
378,1
379,5
380,5
381,4
382,0
383,1
384,-3
385,-4
386,-2
387,-2
388,0
389,2
390,0
391,1
392,1
393,-1
394,0
395,-2
396,0
397,3
398,4
399,5
400,8
401,5
402,2
403,0
404,-1
405,-1
406,1
407,5
408,5
409,6
410,5
411,2
412,4
413,1
414,2
415,1
416,3
417,4
418,7
419,8
420,10
421,10
422,9
423,8
424,5
425,6
426,6
427,8
428,9
429,11
430,12
431,13
432,13
433,14
434,14
435,13
436,16
437,19
438,21
439,21
440,24
441,23
442,23
443,22
444,20
445,20
446,23
447,26
448,30
449,31
450,32
451,30
452,32
453,33
454,31
455,32
456,35
457,40
458,41
459,42
460,41
461,39
462,37
463,36
464,36
465,36
466,36
467,40
468,41
469,41
470,39
471,34
472,30
473,27
474,26
475,25
476,26
477,23
478,26
479,26
480,23
481,19
482,16
483,14
484,11
485,6
486,3
487,5
488,5
489,4
490,2
491,-1
492,-4
493,-5
494,-7
495,-6
496,-2
497,0
498,-2
499,-1
500,-2
501,-6
502,-8
503,-11
504,-13
505,-11
506,-8
507,-9
508,-5
509,-7
510,-6
511,-10
512,-11
513,-12
514,-12
515,-9
516,-9
517,-7
518,-4
519,-6
520,-6
521,-10
522,-11
523,-11
524,-12
525,-11
526,-10
527,-8
528,-11
529,-6
530,-11
531,-10
532,-10
533,-12
534,-12
535,-9
536,-8
537,-8
538,-8
539,-8
540,-10
541,-11
542,-11
543,-12
544,-11
545,-6
546,-6
547,-5
548,-4
549,-3
550,-5
551,-7
552,-9
553,-10
554,-11
555,-9
556,-8
557,-4
558,-3
559,-2
560,-3
561,-4
562,-6
563,-7
564,-8
565,-6
566,-6
567,-5
568,-3
569,-3
570,-5
571,-4
572,-7
573,-8
574,-9
575,-9
576,-6
577,-5
578,-1
579,-2
580,-6
581,-6
582,-7
583,-10
584,-12
585,-8
586,-8
587,-6
588,-4
589,-5
590,-8
591,-9
592,-4
593,-10
594,-11
595,-8
596,-6
597,-7
598,-3
599,-4
600,-8
601,-10
602,-11
603,-12
604,-12
605,-11
606,-8
607,-8
608,-7
609,-4
610,-7
611,-9
612,-10
613,-14
614,-14
615,-10
616,-9
617,-7
618,-7
619,-7
620,-9
621,-11
622,-10
623,-10
624,-8
625,-7
626,-5
627,-1
628,-2
629,-5
630,-8
631,-6
632,-7
633,-8
634,-8
635,-5
636,-3
637,-2
638,3
639,-1
640,-1
641,-3
642,-4
643,-5
644,-5
645,-2
646,1
647,3
648,4
649,3
650,1
651,1
652,0
653,0
654,0
655,0
656,1
657,4
658,6
659,4
660,-2
661,-5
662,-7
663,-11
664,-10
665,-9
666,-8
667,-9
668,-5
669,-7
670,-12
671,-12
672,-14
673,-16
674,-13
675,-11
676,-10
677,-10
678,-7
679,-11
680,-11
681,-12
682,-13
683,-13
684,-12
685,-13
686,-13
687,-13
688,-13
689,-13
690,-16
691,-17
692,-16
693,-20
694,-18
695,-16
696,-12
697,-9
698,-9
699,-11
700,-12
701,-17
702,-17
703,-20
704,-20
705,-16
706,-15
707,-14
708,-15
709,-19
710,-21
711,-23
712,-28
713,-31
714,-27
715,-21
716,-9
717,4
718,15
719,25
720,34
721,45
722,55
723,78
724,103
725,128
726,138
727,132
728,123
729,111
730,97
731,78
732,61
733,39
734,17
735,-6
736,-23
737,-31
738,-29
739,-25
740,-23
741,-22
742,-17
743,-10
744,-11
745,-6
746,-7
747,-9
748,-8
749,-8
750,-13
751,-14
752,-16
753,-15
754,-14
755,-12
756,-10
757,-6
758,-9
759,-9
760,-11
761,-12
762,-11
763,-12
764,-8
765,-7
766,-5
767,-2
768,-5
769,-9
770,-10
771,-11
772,-10
773,-11
774,-6
775,-5
776,-4
777,-2
778,-2
779,-4
780,-6
781,-5
782,-4
783,-3
784,1
785,4
786,5
787,5
788,3
789,1
790,-2
791,-2
792,-2
793,2
794,3
795,5
796,9
797,12
798,13
799,10
800,8
801,9
802,8
803,9
804,9
805,12
806,13
807,14
808,13
809,13
810,13
811,13
812,15
813,16
814,20
815,23
816,25
817,26
818,28
819,28
820,30
821,27
822,26
823,28
824,34
825,35
826,38
827,40
828,41
829,38
830,40
831,40
832,39
833,42
834,45
835,47
836,46
837,48
838,45
839,45
840,41
841,40
842,38
843,38
844,41
845,41
846,44
847,46
848,41
849,39
850,35
851,33
852,31
853,30
854,28
855,27
856,26
857,22
858,21
859,17
860,15
861,13
862,12
863,13
864,12
865,12
866,10
867,9
868,8
869,4
870,2
871,0
872,0
873,2
874,3
875,2
876,4
877,2
878,0
879,-4
880,-4
881,-8
882,-7
883,-5
884,-3
885,-1
886,1
887,-1
888,-4
889,-5
890,-5
891,-5
892,-5
893,-5
894,-2
895,1
896,3
897,2
898,1
899,-4
900,-3
901,-3
902,-4
903,-5
904,-4
905,-4
906,0
907,3
908,-1
909,-2
910,-4
911,-6
912,-6
913,-3
914,0
915,2
916,3
917,3
918,-1
919,-2
920,-7
921,-5
922,-5
923,-4
924,1
925,3
926,4
927,5
928,0
929,-2
930,-5
931,-7
932,-4
933,-2
934,1
935,1
936,2
937,3
938,0
939,-1
940,-4
941,-5
942,-5
943,-3
944,0
945,1
946,3
947,4
948,0
949,-3
950,-4
951,-6
952,-5
953,-1
954,-1
955,0
956,2
957,3
958,1
959,-2
960,-3
961,-4
962,-3
963,-1
964,-1
965,-1
966,-2
967,-2
968,-2
969,-3
970,-5
971,-5
972,-4
973,-2
974,-2
975,-1
976,-1
977,-2
978,-5
979,-5
980,-5
981,-7
982,-6
983,-4
984,-2
985,-1
986,-2
987,-3
988,-5
989,-6
990,-7
991,-8
992,-5
993,-4
994,-3
995,-1
996,0
997,-2
998,-5
999,-6
1000,-9
1001,-9
1002,-9
1003,-7
1004,-8
1005,-5
1006,-2
1007,-5
1008,-8
1009,-8
1010,-6
1011,-7
1012,-8
1013,-5
1014,-4
1015,-3
1016,-1
1017,-2
1018,-5
1019,-8
1020,-9
1021,-8
1022,-4
1023,-3
1024,-2
1025,0
1026,-1
1027,-2
1028,-2
1029,-3
1030,0
1031,2
1032,5
1033,13
1034,14
1035,17
1036,20
1037,20
1038,18
1039,18
1040,19
1041,17
1042,20
1043,21
1044,22
1045,24
1046,25
1047,26
1048,29
1049,31
1050,29
1051,27
1052,30
1053,33
1054,36
1055,37
1056,35
1057,34
1058,33
1059,35
1060,34
1061,32
1062,34
1063,34
1064,34
1065,33
1066,32
1067,30
1068,27
1069,23
1070,23
1071,21
1072,22
1073,24
1074,25
1075,26
1076,28
1077,25
1078,25
1079,24
1080,22
1081,19
1082,19
1083,19
1084,21
1085,23
1086,24
1087,21
1088,19
1089,16
1090,15
1091,15
1092,18
1093,22
1094,23
1095,24
1096,25
1097,19
1098,16
1099,14
1100,12
1101,17
1102,20
1103,20
1104,21
1105,23
1106,21
1107,19
1108,17
1109,15
1110,14
1111,16
1112,15
1113,16
1114,18
1115,16
1116,18
1117,11
1118,9
1119,4
1120,4
1121,8
1122,14
1123,23
1124,35
1125,47
1126,56
1127,65
1128,77
1129,89
1130,111
1131,136
1132,164
1133,178
1134,172
1135,168
1136,155
1137,139
1138,119
1139,101
1140,79
1141,53
1142,31
1143,10
1144,2
1145,7
1146,8
1147,8
1148,11
1149,12
1150,15
1151,19
1152,24
1153,26
1154,25
1155,26
1156,24
1157,21
1158,18
1159,17
1160,18
1161,21
1162,22
1163,22
1164,24
1165,26
1166,25
1167,22
1168,18
1169,15
1170,16
1171,19
1172,23
1173,23
1174,23
1175,28
1176,22
1177,20
1178,19
1179,17
1180,20
1181,24
1182,26
1183,27
1184,28
1185,29
1186,26
1187,23
1188,22
1189,21
1190,22
1191,26
1192,28
1193,30
1194,31
1195,33
1196,27
1197,23
1198,22
1199,23
1200,22
1201,26
1202,27
1203,28
1204,31
1205,33
1206,32
1207,30
1208,29
1209,29
1210,27
1211,28
1212,33
1213,34
1214,35
1215,34
1216,34
1217,33
1218,35
1219,32
1220,33
1221,36
1222,42
1223,43
1224,45
1225,45
1226,43
1227,42
1228,44
1229,40
1230,45
1231,50
1232,51
1233,52
1234,54
1235,54
1236,54
1237,53
1238,53
1239,50
1240,53
1241,53
1242,56
1243,59
1244,59
1245,58
1246,58
1247,57
1248,56
1249,52
1250,52
1251,51
1252,52
1253,52
1254,54
1255,52
1256,47
1257,44
1258,38
1259,34
1260,34
1261,30
1262,31
1263,32
1264,30
1265,26
1266,24
1267,19
1268,19
1269,15
1270,16
1271,15
1272,15
1273,13
1274,13
1275,7
1276,6
1277,4
1278,3
1279,-1
1280,0
1281,2
1282,2
1283,2
1284,6
1285,3
1286,1
1287,-2
1288,-4
1289,-6
1290,-4
1291,-3
1292,-2
1293,-1
1294,2
1295,-2
1296,-1
1297,-5
1298,-11
1299,-8
1300,-7
1301,-2
1302,0
1303,1
1304,1
1305,-1
1306,-6
1307,-7
1308,-8
1309,-6
1310,-7
1311,-6
1312,-4
1313,-3
1314,-2
1315,-5
1316,-7
1317,-11
1318,-11
1319,-10
1320,-8
1321,-5
1322,-3
1323,-4
1324,-2
1325,-5
1326,-6
1327,-7
1328,-10
1329,-11
1330,-8
1331,-8
1332,-4
1333,-3
1334,-4
1335,-6
1336,-9
1337,-10
1338,-11
1339,-11
1340,-10
1341,-4
1342,-5
1343,-5
1344,-3
1345,-7
1346,-8
1347,-8
1348,-8
1349,-8
1350,-5
1351,-7
1352,-6
1353,-5
1354,-6
1355,-9
1356,-12
1357,-12
1358,-13
1359,-12
1360,-8
1361,-6
1362,-7
1363,-6
1364,-5
1365,-9
1366,-9
1367,-13
1368,-14
1369,-13
1370,-11
1371,-10
1372,-7
1373,-6
1374,-6
1375,-9
1376,-12
1377,-13
1378,-15
1379,-14
1380,-10
1381,-10
1382,-8
1383,-6
1384,-8
1385,-9
1386,-12
1387,-12
1388,-13
1389,-15
1390,-14
1391,-12
1392,-11
1393,-9
1394,-10
1395,-11
1396,-13
1397,-13
1398,-16
1399,-13
1400,-11
1401,-8
1402,-8
1403,-6
1404,-7
1405,-10
1406,-15
1407,-15
1408,-19
1409,-18
1410,-13
1411,-11
1412,-9
1413,-9
1414,-11
1415,-14
1416,-16
1417,-15
1418,-15
1419,-13
1420,-12
1421,-11
1422,-9
1423,-8
1424,-8
1425,-11
1426,-15
1427,-15
1428,-16
1429,-13
1430,-12
1431,-11
1432,-12
1433,-9
1434,-13
1435,-15
1436,-17
1437,-18
1438,-18
1439,-15
1440,-11
1441,-6
1442,-5
1443,-9
1444,-13
1445,-15
1446,-17
1447,-18
1448,-20
1449,-17
1450,-14
1451,-12
1452,-9
1453,-8
1454,-12
1455,-14
1456,-15
1457,-17
1458,-17
1459,-14
1460,-12
1461,-12
1462,-11
1463,-10
1464,-13
1465,-15
1466,-15
1467,-16
1468,-14
1469,-12
1470,-11
1471,-11
1472,-9
1473,-8
1474,-13
1475,-16
1476,-18
1477,-14
1478,-16
1479,-14
1480,-10
1481,-9
1482,-10
1483,-9
1484,-11
1485,-14
1486,-15
1487,-14
1488,-13
1489,-12
1490,-11
1491,-11
1492,-8
1493,-9
1494,-12
1495,-11
1496,-10
1497,-13
1498,-11
1499,-8
1500,-7
1501,-3
1502,-4
1503,-6
1504,-7
1505,-10
1506,-10
1507,-10
1508,-10
1509,-8
1510,-4
1511,1
1512,2
1513,3
1514,0
1515,0
1516,-3
1517,-4
1518,-4
1519,-4
1520,-1
1521,2
1522,9
1523,5
1524,1
1525,0
1526,-5
1527,-9
1528,-8
1529,-5
1530,-5
1531,-6
1532,-6
1533,-10
1534,-12
1535,-15
1536,-17
1537,-18
1538,-18
1539,-14
1540,-14
1541,-11
1542,-9
1543,-11
1544,-14
1545,-16
1546,-16
1547,-18
1548,-18
1549,-16
1550,-12
1551,-12
1552,-12
1553,-16
1554,-16
1555,-17
1556,-21
1557,-22
1558,-20
1559,-16
1560,-15
1561,-13
1562,-11
1563,-14
1564,-17
1565,-20
1566,-22
1567,-21
1568,-18
1569,-17
1570,-16
1571,-15
1572,-10
1573,-16
1574,-17
1575,-18
1576,-22
1577,-24
1578,-21
1579,-19
1580,-20
1581,-20
1582,-21
1583,-25
1584,-26
1585,-25
1586,-25
1587,-18
1588,-4
1589,9
1590,19
1591,31
1592,47
1593,55
1594,72
1595,92
1596,118
1597,134
1598,135
1599,135
1600,124
1601,115
1602,93
1603,76
1604,54
1605,27
1606,-2
1607,-26
1608,-36
1609,-37
1610,-30
1611,-27
1612,-22
1613,-17
1614,-14
1615,-14
1616,-15
1617,-12
1618,-10
1619,-10
1620,-7
1621,-6
1622,-7
1623,-10
1624,-12
1625,-12
1626,-12
1627,-13
1628,-10
1629,-8
1630,-6
1631,-8
1632,-6
1633,-9
1634,-13
1635,-12
1636,-13
1637,-8
1638,-8
1639,-4
1640,-2
1641,-3
1642,-3
1643,-6
1644,-9
1645,-8
1646,-11
1647,-9
1648,-6
1649,-2
1650,1
1651,2
1652,0
1653,-5
1654,-6
1655,-7
1656,-13
1657,-8
1658,-3
1659,-3
1660,-1
1661,3
1662,2
1663,1
1664,-1
1665,-2
1666,-3
1667,0
1668,-1
1669,0
1670,2
1671,5
1672,6
1673,3
1674,3
1675,0
1676,2
1677,2
1678,6
1679,9
1680,11
1681,13
1682,14
1683,13
1684,12
1685,10
1686,13
1687,14
1688,20
1689,22
1690,23
1691,26
1692,26
1693,24
1694,23
1695,23
1696,25
1697,28
1698,31
1699,34
1700,33
1701,35
1702,33
1703,34
1704,37
1705,36
1706,35
1707,39
1708,40
1709,42
1710,39
1711,43
1712,39
1713,39
1714,38
1715,34
1716,33
1717,34
1718,37
1719,34
1720,35
1721,34
1722,35
1723,26
1724,25
1725,24
1726,21
1727,21
1728,22
1729,21
1730,20
1731,18
1732,15
1733,13
1734,9
1735,5
1736,1
1737,1
1738,-1
1739,1
1740,1
1741,0
1742,-3
1743,-5
1744,-6
1745,-9
1746,-10
1747,-10
1748,-7
1749,-7
1750,-4
1751,-4
1752,-7
1753,-8
1754,-11
1755,-11
1756,-9
1757,-8
1758,-9
1759,-10
1760,-11
1761,-11
1762,-15
1763,-15
1764,-14
1765,-15
1766,-15
1767,-12
1768,-11
1769,-11
1770,-10
1771,-9
1772,-10
1773,-12
1774,-13
1775,-16
1776,-14
1777,-12
1778,-11
1779,-7
1780,-4
1781,-5
1782,-9
1783,-14
1784,-14
1785,-15
1786,-11
1787,-9
1788,-4
1789,-7
1790,-5
1791,-5
1792,-8
1793,-11
1794,-13
1795,-14
1796,-13
1797,-9
1798,-8
1799,-8
1800,-5
1801,-2
1802,-7
1803,-9
1804,-10
1805,-13
1806,-13
1807,-10
1808,-7
1809,-7
1810,-4
1811,-3
1812,-6
1813,-7
1814,-9
1815,-10
1816,-10
1817,-6
1818,-6
1819,-6
1820,-5
1821,-2
1822,-8
1823,-7
1824,-8
1825,-10
1826,-7
1827,-7
1828,-3
1829,-5
1830,-3
1831,-3
1832,-5
1833,-8
1834,-8
1835,-10
1836,-11
1837,-8
1838,-6
1839,-5
1840,-5
1841,-6
1842,-7
1843,-12
1844,-12
1845,-14
1846,-12
1847,-7
1848,-6
1849,-2
1850,-5
1851,-5
1852,-8
1853,-11
1854,-14
1855,-15
1856,-8
1857,-9
1858,-8
1859,-9
1860,-6
1861,-7
1862,-10
1863,-11
1864,-13
1865,-14
1866,-13
1867,-12
1868,-10
1869,-8
1870,-6
1871,-9
1872,-11
1873,-10
1874,-12
1875,-14
1876,-9
1877,-8
1878,-6
1879,-5
1880,-8
1881,-8
1882,-11
1883,-11
1884,-13
1885,-13
1886,-13
1887,-12
1888,-5
1889,-6
1890,-3
1891,-8
1892,-12
1893,-13
1894,-14
1895,-15
1896,-12
1897,-10
1898,-5
1899,-5
1900,-5
1901,-6
1902,-9
1903,-11
1904,-12
1905,-16
1906,-15
1907,-14
1908,-12
1909,-7
1910,-7
1911,-11
1912,-11
1913,-13
1914,-15
1915,-15
1916,-13
1917,-9
1918,-7
1919,-5
1920,-7
1921,-7
1922,-8
1923,-9
1924,-12
1925,-12
1926,-8
1927,-7
1928,-6
1929,-4
1930,-3
1931,-6
1932,-7
1933,-8
1934,-10
1935,-9
1936,-10
1937,-5
1938,1
1939,2
1940,4
1941,6
1942,7
1943,6
1944,7
1945,5
1946,8
1947,9
1948,11
1949,13
1950,15
1951,13
1952,11
1953,9
1954,8
1955,11
1956,13
1957,18
1958,21
1959,25
1960,26
1961,19
1962,18
1963,20
1964,18
1965,19
1966,20
1967,22
1968,25
1969,27
1970,29
1971,29
1972,26
1973,27
1974,24
1975,25
1976,25
1977,27
1978,29
1979,31
1980,34
1981,32
1982,33
1983,33
1984,31
1985,31
1986,32
1987,31
1988,33
1989,36
1990,33
1991,32
1992,32
1993,32
1994,28
1995,26
1996,28
1997,28
1998,27
1999,27
2000,26
2001,22
2002,22
2003,19
2004,18
2005,19
2006,21
2007,24
2008,25
2009,24
2010,22
2011,21
2012,18
2013,17
2014,14
2015,17
2016,21
2017,20
2018,21
2019,20
2020,19
2021,16
2022,14
2023,15
2024,11
2025,14
2026,14
2027,16
2028,17
2029,20
2030,17
2031,13
2032,12
2033,10
2034,10
2035,11
2036,14
2037,16
2038,17
2039,17
2040,14
2041,13
2042,13
2043,9
2044,13
2045,13
2046,13
2047,14
2048,12
2049,14
2050,12
2051,7
2052,6
2053,8
2054,11
2055,17
2056,26
2057,37
2058,47
2059,58
2060,66
2061,79
2062,100
2063,121
2064,141
2065,151
2066,151
2067,148
2068,139
2069,123
2070,103
2071,86
2072,65
2073,38
2074,14
2075,-3
2076,-9
2077,-8
2078,-4
2079,3
2080,5
2081,5
2082,8
2083,12
2084,17
2085,18
2086,20
2087,24
2088,22
2089,18
2090,15
2091,14
2092,13
2093,14
2094,14
2095,17
2096,18
2097,21
2098,21
2099,22
2100,19
2101,19
2102,17
2103,17
2104,17
2105,20
2106,22
2107,24
2108,26
2109,22
2110,18
2111,15
2112,14
2113,14
2114,15
2115,19
2116,23
2117,25
2118,26
2119,25
2120,23
2121,21
2122,20
2123,21
2124,22
2125,24
2126,25
2127,25
2128,26
2129,26
2130,21
2131,21
2132,24
2133,21
2134,22
2135,24
2136,26
2137,29
2138,33
2139,30
2140,28
2141,26
2142,25
2143,26
2144,26
2145,28
2146,28
2147,29
2148,33
2149,34
2150,32
2151,32
2152,33
2153,32
2154,37
2155,36
2156,39
2157,40
2158,42
2159,41
2160,40
2161,40
2162,40
2163,40
2164,43
2165,45
2166,50
2167,52
2168,54
2169,51
2170,51
2171,52
2172,52
2173,49
2174,52
2175,54
2176,53
2177,54
2178,51
2179,53
2180,52
2181,49
2182,48
2183,47
2184,48
2185,51
2186,47
2187,48
2188,48
2189,44
2190,40
2191,36
2192,33
2193,30
2194,31
2195,31
2196,30
2197,27
2198,24
2199,18
2200,17
2201,14
2202,10
2203,8
2204,9
2205,9
2206,8
2207,10
2208,9
2209,6
2210,2
2211,-1
2212,-3
2213,-5
2214,-3
2215,-2
2216,0
2217,1
2218,1
2219,-4
2220,-6
2221,-9
2222,-12
2223,-8
2224,-8
2225,-4
2226,-3
2227,-3
2228,-2
2229,-4
2230,-10
2231,-11
2232,-15
2233,-12
2234,-11
2235,-7
2236,-6
2237,-6
2238,-5
2239,-8
2240,-12
2241,-11
2242,-11
2243,-13
2244,-12
2245,-10
2246,-6
2247,-4
2248,-4
2249,-6
2250,-8
2251,-10
2252,-13
2253,-14
2254,-11
2255,-7
2256,-5
2257,-4
2258,-3
2259,-6
2260,-9
2261,-9
2262,-10
2263,-8
2264,-5
2265,-3
2266,-3
2267,0
2268,-2
2269,-7
2270,-11
2271,-8
2272,-13
2273,-8
2274,-10
2275,-7
2276,-2
2277,1
2278,-4
2279,-8
2280,-8
2281,-8
2282,-13
2283,-9
2284,-7
2285,-5
2286,-5
2287,-2
2288,-3
2289,-7
2290,-7
2291,-9
2292,-10
2293,-10
2294,-8
2295,-8
2296,-9
2297,-5
2298,-8
2299,-9
2300,-11
2301,-14
2302,-14
2303,-12
2304,-9
2305,-7
2306,-6
2307,-5
2308,-5
2309,-7
2310,-10
2311,-15
2312,-20
2313,-14
2314,-10
2315,-10
2316,-8
2317,-7
2318,-8
2319,-10
2320,-12
2321,-15
2322,-14
2323,-10
2324,-10
2325,-10
2326,-8
2327,-7
2328,-9
2329,-12
2330,-14
2331,-15
2332,-16
2333,-15
2334,-8
2335,-9
2336,-8
2337,-7
2338,-11
2339,-11
2340,-13
2341,-15
2342,-15
2343,-12
2344,-13
2345,-12
2346,-11
2347,-9
2348,-9
2349,-12
2350,-16
2351,-14
2352,-15
2353,-12
2354,-11
2355,-13
2356,-9
2357,-9
2358,-10
2359,-13
2360,-13
2361,-15
2362,-16
2363,-13
2364,-11
2365,-10
2366,-10
2367,-8
2368,-12
2369,-13
2370,-15
2371,-17
2372,-16
2373,-13
2374,-12
2375,-11
2376,-10
2377,-7
2378,-13
2379,-14
2380,-11
2381,-17
2382,-14
2383,-13
2384,-9
2385,-12
2386,-10
2387,-9
2388,-14
2389,-16
2390,-15
2391,-17
2392,-18
2393,-14
2394,-10
2395,-11
2396,-9
2397,-8
2398,-10
2399,-15
2400,-15
2401,-18
2402,-18
2403,-15
2404,-14
2405,-12
2406,-9
2407,-10
2408,-13
2409,-16
2410,-15
2411,-15
2412,-13
2413,-13
2414,-13
2415,-13
2416,-10
2417,-13
2418,-15
2419,-15
2420,-15
2421,-17
2422,-15
2423,-12
2424,-8
2425,-8
2426,-6
2427,-6
2428,-9
2429,-11
2430,-11
2431,-10
2432,-9
2433,-8
2434,-7
2435,-3
2436,0
2437,-1
2438,-3
2439,-4
2440,-4
2441,-3
2442,0
2443,-2
2444,1
2445,2
2446,2
2447,-1
2448,-2
2449,-3
2450,-3
2451,-5
2452,-4
2453,-2
2454,2
2455,0
2456,-1
2457,-6
2458,-9
2459,-12
2460,-13
2461,-16
2462,-16
2463,-14
2464,-13
2465,-10
2466,-9
2467,-12
2468,-13
2469,-15
2470,-18
2471,-21
2472,-17
2473,-13
2474,-13
2475,-14
2476,-11
2477,-12
2478,-15
2479,-19
2480,-21
2481,-24
2482,-22
2483,-15
2484,-16
2485,-14
2486,-12
2487,-16
2488,-19
2489,-22
2490,-20
2491,-18
2492,-19
2493,-17
2494,-15
2495,-15
2496,-13
2497,-16
2498,-20
2499,-20
2500,-20
2501,-20
2502,-18
2503,-18
2504,-16
2505,-19
2506,-18
2507,-20
2508,-21
2509,-25
2510,-29
2511,-29
2512,-23
2513,-15
2514,-4
2515,7
2516,18
2517,24
2518,36
2519,49
2520,65
2521,85
2522,111
2523,128
2524,130
2525,129
2526,119
2527,104
2528,85
2529,67
2530,49
2531,26
2532,4
2533,-18
2534,-33
2535,-34
2536,-29
2537,-25
2538,-25
2539,-23
2540,-21
2541,-19
2542,-14
2543,-12
2544,-8
2545,-8
2546,-7
2547,-11
2548,-14
2549,-17
2550,-17
2551,-16
2552,-13
2553,-10
2554,-7
2555,-5
2556,-5
2557,-6
2558,-5
2559,-12
2560,-15
2561,-14
2562,-12
2563,-10
2564,-10
2565,-6
2566,-6
2567,-8
2568,-10
2569,-10
2570,-12
2571,-10
2572,-9
2573,-6
2574,-3
2575,-2
2576,-6
2577,-7
2578,-7
2579,-8
2580,-8
2581,-6
2582,-3
2583,-2
2584,-1
2585,2
2586,1
2587,-4
2588,-6
2589,-8
2590,-9
2591,-9
2592,-4
2593,-2
2594,1
2595,4
2596,3
2597,0
2598,-1
2599,-3
2600,-2
2601,1
2602,3
2603,4
2604,6
2605,10
2606,7
2607,4
2608,5
2609,6
2610,6
2611,10
2612,12
2613,16
2614,17
2615,22
2616,20
2617,16
2618,15
2619,14
2620,16
2621,19
2622,23
2623,25
2624,30
2625,32
2626,32
2627,32
2628,29
2629,29
2630,27
2631,32
2632,35
2633,37
2634,38
2635,39
2636,38
2637,37
2638,35
2639,34
2640,33
2641,36
2642,35
2643,35
2644,34
2645,35
2646,31
2647,29
2648,26
2649,23
2650,21
2651,22
2652,23
2653,22
2654,22
2655,21
2656,16
2657,13
2658,9
2659,3
2660,2
2661,3
2662,3
2663,3
2664,0
2665,3
2666,3
2667,-4
2668,-7
2669,-9
2670,-8
2671,-8
2672,-7
2673,-8
2674,-5
2675,-4
2676,-9
2677,-10
2678,-13
2679,-14
2680,-13
2681,-9
2682,-9
2683,-11
2684,-9
2685,-9
2686,-11
2687,-14
2688,-16
2689,-17
2690,-17
2691,-17
2692,-12
2693,-13
2694,-9
2695,-10
2696,-12
2697,-15
2698,-18
2699,-17
2700,-14
2701,-13
2702,-12
2703,-8
2704,-9
2705,-10
2706,-11
2707,-12
2708,-14
2709,-16
2710,-15
2711,-12
2712,-13
2713,-10
2714,-6
2715,-8
2716,-11
2717,-11
2718,-11
2719,-12
2720,-12
2721,-9
2722,-5
2723,-4
2724,-2
2725,-5
2726,-11
2727,-12
2728,-13
2729,-13
2730,-11
2731,-9
2732,-7
2733,-5
2734,-5
2735,-7
2736,-10
2737,-9
2738,-10
2739,-11
2740,-10
2741,-8
2742,-5
2743,-4
2744,-3
2745,-4
2746,-7
2747,-7
2748,-9
2749,-11
2750,-9
2751,-7
2752,-7
2753,-6
2754,-5
2755,-6
2756,-9
2757,-8
2758,-10
2759,-11
2760,-12
2761,-8
2762,-6
2763,-6
2764,-6
2765,-10
2766,-11
2767,-12
2768,-12
2769,-14
2770,-12
2771,-10
2772,-9
2773,-8
2774,-6
2775,-8
2776,-12
2777,-12
2778,-13
2779,-14
2780,-13
2781,-11
2782,-9
2783,-9
2784,-9
2785,-11
2786,-10
2787,-11
2788,-14
2789,-14
2790,-13
2791,-12
2792,-9
2793,-8
2794,-10
2795,-11
2796,-10
2797,-12
2798,-14
2799,-14
2800,-12
2801,-11
2802,-11
2803,-9
2804,-11
2805,-13
2806,-14
2807,-13
2808,-15
2809,-17
2810,-14
2811,-12
2812,-10
2813,-10
2814,-9
2815,-11
2816,-13
2817,-11
2818,-13
2819,-14
2820,-11
2821,-11
2822,-12
2823,-8
2824,-6
2825,-10
2826,-13
2827,-17
2828,-13
2829,-14
2830,-12
2831,-8
2832,-9
2833,-9
2834,-8
2835,-11
2836,-13
2837,-16
2838,-18
2839,-16
2840,-13
2841,-10
2842,-10
2843,-10
2844,-11
2845,-14
2846,-12
2847,-13
2848,-13
2849,-16
2850,-13
2851,-11
2852,-9
2853,-9
2854,-9
2855,-11
2856,-13
2857,-13
2858,-15
2859,-15
2860,-13
2861,-8
2862,-8
2863,-7
2864,-8
2865,-9
2866,-12
2867,-11
2868,-15
2869,-14
2870,-11
2871,-7
2872,-9
2873,-9
2874,-11
2875,-13
2876,-14
2877,-15
2878,-18
2879,-14
2880,-11
2881,-10
2882,-8
2883,-8
2884,-8
2885,-13
2886,-12
2887,-17
2888,-15
2889,-15
2890,-10
2891,-6
2892,-2
2893,0
2894,-3
2895,-5
2896,-8
2897,-10
2898,-9
2899,-7
2900,-4
2901,-2
2902,0
2903,4
2904,-2
2905,-4
2906,-2
2907,-2
2908,-3
2909,0
2910,5
2911,6
2912,8
2913,8
2914,10
2915,11
2916,14
2917,14
2918,15
2919,17
2920,21
2921,24
2922,26
2923,27
2924,23
2925,22
2926,20
2927,17
2928,16
2929,20
2930,20
2931,22
2932,21
2933,23
2934,21
2935,21
2936,18
2937,19
2938,16
2939,17
2940,21
2941,21
2942,24
2943,24
2944,22
2945,18
2946,18
2947,16
2948,13
2949,15
2950,18
2951,19
2952,19
2953,24
2954,20
2955,18
2956,20
2957,17
2958,14
2959,14
2960,17
2961,20
2962,20
2963,18
2964,20
2965,17
2966,17
2967,14
2968,14
2969,15
2970,15
2971,14
2972,17
2973,14
2974,14
2975,11
2976,9
2977,6
2978,6
2979,10
2980,16
2981,28
2982,43
2983,52
2984,61
2985,73
2986,83
2987,99
2988,119
2989,146
2990,170
2991,173
2992,172
2993,162
2994,146
2995,127
2996,109
2997,85
2998,63
2999,41
3000,18
3001,2
3002,2
3003,8
3004,6
3005,8
3006,10
3007,14
3008,18
3009,23
3010,24
3011,26
3012,26
3013,24
3014,22
3015,21
3016,19
3017,17
3018,18
3019,20
3020,21
3021,22
3022,25
3023,25
3024,22
3025,21
3026,21
3027,17
3028,18
3029,21
3030,21
3031,22
3032,23
3033,24
3034,21
3035,19
3036,19
3037,17
3038,19
3039,22
3040,24
3041,25
3042,27
3043,29
3044,26
3045,22
3046,21
3047,22
3048,23
3049,26
3050,25
3051,29
3052,32
3053,30
3054,27
3055,24
3056,24
3057,24
3058,24
3059,27
3060,29
3061,33
3062,35
3063,33
3064,32
3065,33
3066,33
3067,30
3068,29
3069,31
3070,31
3071,31
3072,32
3073,29
3074,33
3075,35
3076,33
3077,31
3078,35
3079,38
3080,40
3081,45
3082,44
3083,46
3084,46
3085,48
3086,46
3087,45
3088,49
3089,51
3090,52
3091,58
3092,57
3093,54
3094,53
3095,59
3096,63
3097,60
3098,60
3099,60
3100,62
3101,65
3102,64
3103,65
3104,63
3105,63
3106,61
3107,60
3108,61
3109,63
3110,62
3111,62
3112,61
3113,59
3114,57
3115,54
3116,48
3117,45
3118,44
3119,44
3120,44
3121,42
3122,39
3123,33
3124,30
3125,28
3126,27
3127,20
3128,20
3129,19
3130,24
3131,21
3132,20
3133,16
3134,10
3135,7
3136,5
3137,3
3138,1
3139,4
3140,4
3141,4
3142,6
3143,3
3144,-2
3145,-7
3146,-6
3147,-4
3148,-3
3149,-2
3150,0
3151,1
3152,1
3153,-4
3154,-6
3155,-9
3156,-8
3157,-7
3158,-6
3159,-6
3160,-3
3161,-3
3162,-2
3163,-7
3164,-9
3165,-9
3166,-11
3167,-11
3168,-6
3169,-5
3170,-5
3171,-6
3172,-8
3173,-11
3174,-13
3175,-14
3176,-15
3177,-14
3178,-11
3179,-7
3180,-6
3181,-5
3182,-8
3183,-11
3184,-14
3185,-18
3186,-17
3187,-13
3188,-12
3189,-9
3190,-9
3191,-6
3192,-8
3193,-11
3194,-12
3195,-12
3196,-14
3197,-11
3198,-10
3199,-7
3200,-6
3201,-5
3202,-6
3203,-9
3204,-10
3205,-12
3206,-13
3207,-11
3208,-9
3209,-7
3210,-7
3211,-6
3212,-10
3213,-10
3214,-9
3215,-10
3216,-11
3217,-8
3218,-6
3219,-9
3220,-8
3221,-11
3222,-15
3223,-19
3224,-20
3225,-19
3226,-18
3227,-16
3228,-16
3229,-10
3230,-9
3231,-10
3232,-10
3233,-14
3234,-16
3235,-17
3236,-19
3237,-15
3238,-13
3239,-10
3240,-9
3241,-10
3242,-11
3243,-15
3244,-16
3245,-18
3246,-18
3247,-16
3248,-16
3249,-15
3250,-15
3251,-12
3252,-15
3253,-18
3254,-18
3255,-17
3256,-19
3257,-19
3258,-16
3259,-17
3260,-18
3261,-16
3262,-17
3263,-20
3264,-26
3265,-23
3266,-23
3267,-19
3268,-18
3269,-18
3270,-16
3271,-16
3272,-17
3273,-16
3274,-21
3275,-23
3276,-23
3277,-22
3278,-19
3279,-18
3280,-16
3281,-16
3282,-17
3283,-19
3284,-20
3285,-23
3286,-24
3287,-22
3288,-23
3289,-19
3290,-16
3291,-16
3292,-17
3293,-20
3294,-23
3295,-21
3296,-23
3297,-22
3298,-23
3299,-20
3300,-20
3301,-19
3302,-19
3303,-22
3304,-22
3305,-24
3306,-21
3307,-17
3308,-18
3309,-16
3310,-19
3311,-19
3312,-20
3313,-25
3314,-24
3315,-25
3316,-20
3317,-18
3318,-21
3319,-21
3320,-17
3321,-16
3322,-18
3323,-22
3324,-20
3325,-21
3326,-24
3327,-20
3328,-19
3329,-17
3330,-17
3331,-17
3332,-19
3333,-22
3334,-22
3335,-23
3336,-22
3337,-15
3338,-14
3339,-13
3340,-11
3341,-9
3342,-14
3343,-16
3344,-16
3345,-16
3346,-17
3347,-16
3348,-14
3349,-14
3350,-11
3351,-9
3352,-11
3353,-13
3354,-13
3355,-13
3356,-9
3357,-10
3358,-5
3359,-8
3360,-2
3361,-7
3362,-8
3363,-10
3364,-11
3365,-13
3366,-11
3367,-9
3368,-9
3369,-10
3370,-7
3371,-15
3372,-19
3373,-19
3374,-20
3375,-23
3376,-25
3377,-22
3378,-16
3379,-21
3380,-22
3381,-23
3382,-23
3383,-22
3384,-22
3385,-26
3386,-24
3387,-20
3388,-24
3389,-19
3390,-19
3391,-22
3392,-22
3393,-23
3394,-25
3395,-27
3396,-27
3397,-23
3398,-22
3399,-23
3400,-21
3401,-25
3402,-27
3403,-26
3404,-26
3405,-27
3406,-26
3407,-22
3408,-21
3409,-20
3410,-22
3411,-23
3412,-27
3413,-27
3414,-27
3415,-27
3416,-31
3417,-29
3418,-26
3419,-26
3420,-28
3421,-32
3422,-37
3423,-35
3424,-33
3425,-25
3426,-12
3427,-1
3428,9
3429,21
3430,36
3431,49
3432,66
3433,87
3434,103
3435,111
3436,111
3437,105
3438,96
3439,83
3440,72
3441,51
3442,27
3443,-2
3444,-23
3445,-39
3446,-43
3447,-43
3448,-38
3449,-33
3450,-32
3451,-30
3452,-25
3453,-21
3454,-22
3455,-18
3456,-18
3457,-16
3458,-16
3459,-16
3460,-17
3461,-18
3462,-21
3463,-23
3464,-23
3465,-23
3466,-19
3467,-19
3468,-19
3469,-15
3470,-17
3471,-19
3472,-19
3473,-18
3474,-21
3475,-18
3476,-13
3477,-15
3478,-15
3479,-13
3480,-12
3481,-14
3482,-18
3483,-19
3484,-20
3485,-18
3486,-13
3487,-12
3488,-11
3489,-6
3490,-11
3491,-14
3492,-14
3493,-15
3494,-14
3495,-14
3496,-12
3497,-11
3498,-10
3499,-8
3500,-11
3501,-10
3502,-9
3503,-11
3504,-12
3505,-8
3506,-6
3507,-6
3508,-4
3509,-4
3510,-7
3511,-7
3512,-7
3513,-7
3514,-8
3515,-7
3516,-1
3517,4
3518,4
3519,4
3520,2
3521,3
3522,2
3523,2
3524,3
3525,4
3526,5
3527,4
3528,7
3529,11
3530,13
3531,11
3532,12
3533,12
3534,14
3535,20
3536,23
3537,23
3538,21
3539,25
3540,25
3541,23
3542,21
3543,23
3544,22
3545,25
3546,25
3547,26
3548,29
3549,30
3550,27
3551,26
3552,26
3553,23
3554,22
3555,26
3556,27
3557,27
3558,26
3559,26
3560,23
3561,17
3562,15
3563,13
3564,12
3565,11
3566,10
3567,6
3568,8
3569,6
3570,4
3571,-3
3572,-5
3573,-6
3574,-6
3575,-6
3576,-6
3577,-6
3578,-4
3579,-8
3580,-10
3581,-15
3582,-17
3583,-16
3584,-16
3585,-13
3586,-14
3587,-13
3588,-11
3589,-15
3590,-18
3591,-23
3592,-20
3593,-22
3594,-23
3595,-21
3596,-19
3597,-18
3598,-15
3599,-12
3600,-19
3601,-20
3602,-25
3603,-23
3604,-23
3605,-20
3606,-20
3607,-20
3608,-18
3609,-18
3610,-20
3611,-22
3612,-21
3613,-23
3614,-21
3615,-18
3616,-16
3617,-15
3618,-15
3619,-19
3620,-20
3621,-21
3622,-24
3623,-24
3624,-23
3625,-19
3626,-19
3627,-18
3628,-14
3629,-19
3630,-19
3631,-18
3632,-21
3633,-22
3634,-18
3635,-14
3636,-14
3637,-14
3638,-14
3639,-17
3640,-20
3641,-20
3642,-20
3643,-22
3644,-22
3645,-18
3646,-18
3647,-14
3648,-14
3649,-15
3650,-19
3651,-22
3652,-20
3653,-20
3654,-19
3655,-19
3656,-16
3657,-15
3658,-10
3659,-13
3660,-17
3661,-18
3662,-22
3663,-23
3664,-20
3665,-19
3666,-17
3667,-13
3668,-12
3669,-13
3670,-19
3671,-24
3672,-20
3673,-20
3674,-21
3675,-17
3676,-15
3677,-15
3678,-14
3679,-17
3680,-20
3681,-23
3682,-24
3683,-23
3684,-20
3685,-16
3686,-18
3687,-18
3688,-14
3689,-19
3690,-23
3691,-23
3692,-23
3693,-24
3694,-23
3695,-19
3696,-20
3697,-19
3698,-15
3699,-19
3700,-22
3701,-25
3702,-24
3703,-20
3704,-23
3705,-22
3706,-20
3707,-16
3708,-19
3709,-19
3710,-22
3711,-26
3712,-24
3713,-25
3714,-24
3715,-22
3716,-21
3717,-19
3718,-20
3719,-21
3720,-24
3721,-24
3722,-25
3723,-24
3724,-21
3725,-19
3726,-19
3727,-18
3728,-20
3729,-21
3730,-23
3731,-23
3732,-28
3733,-27
3734,-24
3735,-24
3736,-22
3737,-21
3738,-19
3739,-23
3740,-26
3741,-26
3742,-23
3743,-25
3744,-21
3745,-21
3746,-19
3747,-19
3748,-22
3749,-21
3750,-21
3751,-23
3752,-27
3753,-29
3754,-23
3755,-20
3756,-22
3757,-19
3758,-19
3759,-22
3760,-23
3761,-24
3762,-26
3763,-28
3764,-25
3765,-23
3766,-20
3767,-20
3768,-22
3769,-21
3770,-21
3771,-20
3772,-25
3773,-21
3774,-16
3775,-16
3776,-12
3777,-13
3778,-13
3779,-16
3780,-19
3781,-20
3782,-22
3783,-21
3784,-15
3785,-10
3786,-10
3787,-9
3788,-10
3789,-13
3790,-14
3791,-11
3792,-13
3793,-11
3794,-12
3795,-8
3796,-7
3797,-6
3798,-9
3799,-12
3800,-13
3801,-13
3802,-15
3803,-15
3804,-15
3805,-15
3806,-10
3807,-14
3808,-19
3809,-19
3810,-22
3811,-23
3812,-27
3813,-22
3814,-21
3815,-23
3816,-21
3817,-20
3818,-21
3819,-23
3820,-27
3821,-28
3822,-26
3823,-26
3824,-24
3825,-23
3826,-20
3827,-19
3828,-21
3829,-24
3830,-24
3831,-24
3832,-30
3833,-26
3834,-24
3835,-23
3836,-27
3837,-24
3838,-22
3839,-22
3840,-23
3841,-26
3842,-27
3843,-27
3844,-25
3845,-21
3846,-22
3847,-22
3848,-27
3849,-27
3850,-30
3851,-32
3852,-32
3853,-29
3854,-30
3855,-34
3856,-30
3857,-27
3858,-23
3859,-16
3860,-8
3861,0
3862,6
3863,19
3864,31
3865,48
3866,69
3867,83
3868,100
3869,97
3870,93
3871,79
3872,70
3873,57
3874,48
3875,35
3876,17
3877,-5
3878,-27
3879,-44
3880,-45
3881,-41
3882,-36
3883,-30
3884,-27
3885,-22
3886,-19
3887,-17
3888,-15
3889,-19
3890,-21
3891,-25
3892,-24
3893,-24
3894,-22
3895,-19
3896,-16
3897,-15
3898,-17
3899,-20
3900,-24
3901,-25
3902,-22
3903,-24
3904,-23
3905,-20
3906,-18
3907,-17
3908,-20
3909,-20
3910,-18
3911,-19
3912,-17
3913,-18
3914,-18
3915,-17
3916,-13
3917,-15
3918,-16
3919,-15
3920,-16
3921,-20
3922,-18
3923,-14
3924,-11
3925,-13
3926,-13
3927,-12
3928,-7
3929,-5
3930,-3
3931,0
3932,3
3933,8
3934,8
3935,15
3936,17
3937,17
3938,18
3939,19
3940,14
3941,16
3942,20
3943,20
3944,24
3945,27
3946,29
3947,25
3948,27
3949,26
3950,23
3951,27
3952,29
3953,36
3954,38
3955,35
3956,37
3957,38
3958,36
3959,37
3960,36
3961,37
3962,39
3963,43
3964,42
3965,44
3966,50
3967,51
3968,50
3969,52
3970,49
3971,52
3972,52
3973,57
3974,55
3975,61
3976,61
3977,59
3978,58
3979,54
3980,55
3981,56
3982,57
3983,59
3984,64
3985,58
3986,64
3987,61
3988,60
3989,56
3990,52
3991,54
3992,52
3993,54
3994,54
3995,53
3996,53
3997,48
3998,43
3999,45
4000,42
4001,36
4002,35
4003,34
4004,34
4005,37
4006,32
4007,29
4008,25
4009,23
4010,20
4011,22
4012,21
4013,20
4014,26
4015,22
4016,21
4017,17
4018,14
4019,13
4020,13
4021,12
4022,15
4023,15
4024,14
4025,13
4026,13
4027,12
4028,9
4029,7
4030,7
4031,4
4032,7
4033,10
4034,10
4035,14
4036,14
4037,10
4038,10
4039,8
4040,6
4041,7
4042,10
4043,10
4044,14
4045,16
4046,11
4047,9
4048,8
4049,6
4050,8
4051,4
4052,8
4053,10
4054,10
4055,12
4056,9
4057,7
4058,7
4059,5
4060,5
4061,6
4062,8
4063,10
4064,11
4065,13
4066,10
4067,9
4068,6
4069,4
4070,3
4071,2
4072,3
4073,6
4074,8
4075,10
4076,8
4077,5
4078,4
4079,1
4080,2
4081,2
4082,6
4083,7
4084,9
4085,7
4086,7
4087,3
4088,2
4089,0
4090,-2
4091,-1
4092,3
4093,3
4094,2
4095,5
4096,3
4097,1
4098,-3
4099,2
4100,1
4101,-1
4102,1
4103,2
4104,4
4105,0
4106,2
4107,-3
4108,-8
4109,-9
4110,-10
4111,-6
4112,-3
4113,-1
4114,2
4115,-6
4116,0
4117,-2
4118,-2
4119,-6
4120,-5
4121,-8
4122,-7
4123,-2
4124,-1
4125,-4
4126,-6
4127,-8
4128,-6
4129,-9
4130,-12
4131,-4
4132,0
4133,-5
4134,-4
4135,3
4136,-7
4137,-8
4138,-12
4139,-10
4140,-7
4141,-10
4142,-7
4143,-10
4144,-8
4145,-6
4146,-6
4147,-10
4148,-9
4149,-12
4150,-16
4151,-9
4152,-8
4153,-9
4154,-8
4155,-6
4156,-13
4157,-13
4158,-11
4159,-14
4160,-15
4161,-14
4162,-11
4163,-11
4164,-12
4165,-10
4166,-13
4167,-15
4168,-15
4169,-17
4170,-19
4171,-16
4172,-14
4173,-14
4174,-13
4175,-15
4176,-15
4177,-16
4178,-15
4179,-20
4180,-17
4181,-16
4182,-15
4183,-11
4184,-12
4185,-16
4186,-18
4187,-21
4188,-22
4189,-22
4190,-20
4191,-15
4192,-13
4193,-11
4194,-10
4195,-11
4196,-15
4197,-13
4198,-12
4199,-13
4200,-11
4201,-8
4202,-9
4203,-8
4204,-9
4205,-10
4206,-14
4207,-16
4208,-16
4209,-13
4210,-5
4211,-6
4212,-6
4213,-6
4214,0
4215,-2
4216,-4
4217,-7
4218,-8
4219,-9
4220,-8
4221,-5
4222,-6
4223,-6
4224,-5
4225,-1
4226,-7
4227,-9
4228,-13
4229,-20
4230,-17
4231,-16
4232,-16
4233,-16
4234,-16
4235,-18
4236,-20
4237,-23
4238,-24
4239,-27
4240,-26
4241,-21
4242,-23
4243,-20
4244,-21
4245,-19
4246,-20
4247,-24
4248,-26
4249,-27
4250,-24
4251,-23
4252,-21
4253,-21
4254,-21
4255,-24
4256,-28
4257,-27
4258,-26
4259,-29
4260,-26
4261,-22
4262,-22
4263,-26
4264,-23
4265,-22
4266,-25
4267,-28
4268,-28
4269,-32
4270,-26
4271,-25
4272,-26
4273,-30
4274,-24
4275,-29
4276,-32
4277,-35
4278,-32
4279,-39
4280,-37
4281,-28
4282,-18
4283,-9
4284,2
4285,10
4286,14
4287,24
4288,38
4289,56
4290,78
4291,101
4292,104
4293,102
4294,94
4295,77
4296,66
4297,50
4298,31
4299,12
4300,-12
4301,-27
4302,-41
4303,-44
4304,-41
4305,-42
4306,-39
4307,-33
4308,-29
4309,-26
4310,-26
4311,-22
4312,-18
4313,-19
4314,-21
4315,-23
4316,-23
4317,-23
4318,-23
4319,-22
4320,-22
4321,-16
4322,-24
4323,-20
4324,-16
4325,-22
4326,-29
4327,-25
4328,-26
4329,-23
4330,-22
4331,-16
4332,-13
4333,-14
4334,-16
4335,-19
4336,-20
4337,-19
4338,-23
4339,-22
4340,-17
4341,-18
4342,-13
4343,-8
4344,-13
4345,-9
4346,-16
4347,-13
4348,-20
4349,-21
4350,-19
4351,-16
4352,-14
4353,-12
4354,-16
4355,-16
4356,-15
4357,-11
4358,-19
4359,-15
4360,-11
4361,-7
4362,-6
4363,-6
4364,-7
4365,-9
4366,-8
4367,-9
4368,-9
4369,-9
4370,-7
4371,-3
4372,0
4373,1
4374,0
4375,-3
4376,-4
4377,-5
4378,-3
4379,0
4380,-2
4381,4
4382,6
4383,10
4384,11
4385,9
4386,8
4387,6
4388,6
4389,7
4390,11
4391,13
4392,17
4393,26
4394,20
4395,15
4396,18
4397,18
4398,19
4399,19
4400,22
4401,24
4402,26
4403,30
4404,27
4405,20
4406,20
4407,23
4408,19
4409,23
4410,25
4411,22
4412,25
4413,23
4414,21
4415,18
4416,17
4417,14
4418,12
4419,12
4420,10
4421,19
4422,9
4423,8
4424,6
4425,-1
4426,-3
4427,-2
4428,-7
4429,-8
4430,-6
4431,-8
4432,-10
4433,-8
4434,-12
4435,-20
4436,-21
4437,-21
4438,-23
4439,-19
4440,-18
4441,-13
4442,-17
4443,-18
4444,-23
4445,-27
4446,-27
4447,-23
4448,-25
4449,-25
4450,-24
4451,-22
4452,-19
4453,-20
4454,-23
4455,-25
4456,-28
4457,-29
4458,-28
4459,-24
4460,-23
4461,-21
4462,-21
4463,-20
4464,-23
4465,-24
4466,-27
4467,-28
4468,-28
4469,-25
4470,-21
4471,-22
4472,-20
4473,-21
4474,-20
4475,-21
4476,-22
4477,-25
4478,-28
4479,-25
4480,-23
4481,-27
4482,-21
4483,-22
4484,-24
4485,-25
4486,-25
4487,-25
4488,-24
4489,-25
4490,-22
4491,-19
4492,-18
4493,-19
4494,-21
4495,-22
4496,-20
4497,-24
4498,-26
4499,-25
4500,-21
4501,-21
4502,-19
4503,-21
4504,-22
4505,-20
4506,-26
4507,-27
4508,-25
4509,-22
4510,-22
4511,-19
4512,-18
4513,-16
4514,-17
4515,-19
4516,-24
4517,-24
4518,-26
4519,-23
4520,-24
4521,-20
4522,-18
4523,-19
4524,-22
4525,-24
4526,-24
4527,-24
4528,-24
4529,-22
4530,-22
4531,-20
4532,-20
4533,-22
4534,-24
4535,-25
4536,-24
4537,-26
4538,-27
4539,-25
4540,-23
4541,-21
4542,-19
4543,-25
4544,-26
4545,-27
4546,-27
4547,-29
4548,-25
4549,-23
4550,-26
4551,-23
4552,-23
4553,-22
4554,-25
4555,-25
4556,-27
4557,-26
4558,-25
4559,-25
4560,-26
4561,-25
4562,-24
4563,-28
4564,-28
4565,-28
4566,-29
4567,-32
4568,-28
4569,-26
4570,-24
4571,-23
4572,-22
4573,-26
4574,-28
4575,-28
4576,-30
4577,-31
4578,-27
4579,-25
4580,-22
4581,-20
4582,-20
4583,-26
4584,-25
4585,-28
4586,-30
4587,-30
4588,-26
4589,-24
4590,-26
4591,-21
4592,-25
4593,-28
4594,-29
4595,-27
4596,-28
4597,-32
4598,-25
4599,-26
4600,-28
4601,-27
4602,-28
4603,-30
4604,-27
4605,-29
4606,-30
4607,-30
4608,-26
4609,-24
4610,-22
4611,-20
4612,-22
4613,-21
4614,-22
4615,-21
4616,-23
4617,-22
4618,-24
4619,-20
4620,-22
4621,-17
4622,-21
4623,-20
4624,-20
4625,-19
4626,-17
4627,-17
4628,-16
4629,-12
4630,-12
4631,-9
4632,-12
4633,-14
4634,-12
4635,-14
4636,-14
4637,-13
4638,-15
4639,-17
4640,-14
4641,-18
4642,-20
4643,-20
4644,-23
4645,-25
4646,-28
4647,-26
4648,-25
4649,-25
4650,-27
4651,-25
4652,-28
4653,-26
4654,-26
4655,-29
4656,-30
4657,-27
4658,-28
4659,-28
4660,-23
4661,-26
4662,-29
4663,-30
4664,-29
4665,-32
4666,-33
4667,-29
4668,-27
4669,-26
4670,-26
4671,-28
4672,-28
4673,-30
4674,-33
4675,-32
4676,-37
4677,-30
4678,-27
4679,-26
4680,-29
4681,-27
4682,-27
4683,-32
4684,-32
4685,-34
4686,-37
4687,-34
4688,-35
4689,-33
4690,-34
4691,-33
4692,-36
4693,-39
4694,-42
4695,-38
4696,-33
4697,-22
4698,-10
4699,0
4700,11
4701,25
4702,37
4703,56
4704,75
4705,99
4706,117
4707,116
4708,111
4709,98
4710,86
4711,65
4712,47
4713,21
4714,-2
4715,-24
4716,-48
4717,-55
4718,-52
4719,-44
4720,-39
4721,-37
4722,-30
4723,-27
4724,-32
4725,-29
4726,-28
4727,-25
4728,-23
4729,-23
4730,-22
4731,-22
4732,-27
4733,-26
4734,-28
4735,-29
4736,-30
4737,-24
4738,-24
4739,-23
4740,-21
4741,-18
4742,-23
4743,-25
4744,-25
4745,-26
4746,-25
4747,-24
4748,-19
4749,-20
4750,-20
4751,-20
4752,-22
4753,-24
4754,-24
4755,-25
4756,-20
4757,-22
4758,-18
4759,-16
4760,-16
4761,-15
4762,-16
4763,-17
4764,-20
4765,-19
4766,-20
4767,-15
4768,-15
4769,-14
4770,-13
4771,-13
4772,-16
4773,-18
4774,-19
4775,-19
4776,-15
4777,-14
4778,-12
4779,-8
4780,-7
4781,-9
4782,-13
4783,-13
4784,-11
4785,-10
4786,-9
4787,-8
4788,-5
4789,1
4790,1
4791,3
4792,1
4793,-2
4794,-2
4795,-4
4796,-1
4797,1
4798,6
4799,5
4800,8
4801,13
4802,12
4803,11
4804,11
4805,9
4806,12
4807,14
4808,15
4809,19
4810,24
4811,23
4812,25
4813,24
4814,24
4815,23
4816,22
4817,25
4818,30
4819,28
4820,29
4821,29
4822,26
4823,22
4824,19
4825,19
4826,19
4827,24
4828,24
4829,25
4830,25
4831,21
4832,19
4833,14
4834,12
4835,9
4836,8
4837,8
4838,8
4839,3
4840,4
4841,3
4842,-5
4843,-11
4844,-9
4845,-10
4846,-13
4847,-13
4848,-9
4849,-11
4850,-11
4851,-14
4852,-17
4853,-21
4854,-22
4855,-22
4856,-23
4857,-22
4858,-21
4859,-22
4860,-21
4861,-20
4862,-19
4863,-26
4864,-27
4865,-28
4866,-23
4867,-25
4868,-25
4869,-19
4870,-20
4871,-25
4872,-28
4873,-27
4874,-28
4875,-29
4876,-25
4877,-23
4878,-22
4879,-24
4880,-22
4881,-25
4882,-25
4883,-25
4884,-25
4885,-27
4886,-23
4887,-24
4888,-22
4889,-20
4890,-17
4891,-21
4892,-22
4893,-25
4894,-25
4895,-25
4896,-24
4897,-19
4898,-19
4899,-18
4900,-20
4901,-21
4902,-23
4903,-23
4904,-25
4905,-26
4906,-21
4907,-20
4908,-16
4909,-18
4910,-15
4911,-20
4912,-25
4913,-24
4914,-25
4915,-26
4916,-18
4917,-19
4918,-16
4919,-14
4920,-16
4921,-18
4922,-22
4923,-23
4924,-24
4925,-22
4926,-20
4927,-20
4928,-18
4929,-16
4930,-19
4931,-21
4932,-21
4933,-25
4934,-23
4935,-22
4936,-21
4937,-20
4938,-18
4939,-19
4940,-20
4941,-23
4942,-22
4943,-21
4944,-16
4945,-15
4946,-11
4947,-9
4948,-5
4949,0
4950,0
4951,-1
4952,-5
4953,-2
4954,-3
4955,-5
4956,1
4957,3
4958,4
4959,7
4960,7
4961,3
4962,1
4963,-2
4964,-2
4965,3
4966,6
4967,7
4968,7
4969,8
4970,4
4971,2
4972,1
4973,1
4974,2
4975,2
4976,5
4977,6
4978,9
4979,11
4980,10
4981,6
4982,2
4983,2
4984,1
4985,1
4986,5
4987,8
4988,10
4989,7
4990,5
4991,4
4992,2
4993,3
4994,3
4995,3
4996,6
4997,4
4998,7
4999,8