0,-57
1,-64
2,-56
3,-56
4,-53
5,-53
6,-57
7,-49
8,-53
9,-57
10,-62
11,-59
12,-51
13,-58
14,-59
15,-59
16,-53
17,-48
18,-57
19,-60
20,-64
21,-65
22,-58
23,-58
24,-55
25,-60
26,-59
27,-51
28,-52
29,-57
30,-64
31,-56
32,-58
33,-62
34,-61
35,-60
36,-61
37,-55
38,-55
39,-59
40,-66
41,-64
42,-56
43,-61
44,-58
45,-54
46,-57
47,-55
48,-58
49,-65
50,-67
51,-60
52,-52
53,-58
54,-57
55,-58
56,-56
57,-49
58,-56
59,-60
60,-65
61,-62
62,-56
63,-56
64,-56
65,-60
66,-54
67,-52
68,-49
69,-60
70,-69
71,-60
72,-55
73,-57
74,-57
75,-54
76,-50
77,-54
78,-52
79,-58
80,-65
81,-67
82,-60
83,-60
84,-58
85,-58
86,-51
87,-52
88,-57
89,-60
90,-65
91,-62
92,-59
93,-57
94,-57
95,-58
96,-53
97,-54
98,-59
99,-61
100,-70
101,-60
102,-54
103,-56
104,-60
105,-59
106,-51
107,-49
108,-51
109,-63
110,-65
111,-67
112,-63
113,-60
114,-59
115,-56
116,-50
117,-54
118,-58
119,-66
120,-67
121,-58
122,-55
123,-60
124,-54
125,-58
126,-56
127,-56
128,-54
129,-62
130,-68
131,-67
132,-58
133,-60
134,-61
135,-62
136,-51
137,-55
138,-54
139,-62
140,-65
141,-61
142,-64
143,-59
144,-62
145,-60
146,-52
147,-54
148,-56
149,-58
150,-66
151,-57
152,-61
153,-58
154,-52
155,-56
156,-54
157,-55
158,-58
159,-63
160,-71
161,-59
162,-61
163,-61
164,-57
165,-59
166,-51
167,-56
168,-59
169,-63
170,-62
171,-56
172,-60
173,-58
174,-64
175,-69
176,-50
177,-53
178,-57
179,-65
180,-63
181,-65
182,-65
183,-60
184,-55
185,-60
186,-54
187,-54
188,-59
189,-64
190,-55
191,-52
192,-62
193,-54
194,-55
195,-57
196,-51
197,-53
198,-66
199,-68
200,-65
201,-60
202,-59
203,-58
204,-59
205,-54
206,-49
207,-53
208,-62
209,-63
210,-58
211,-59
212,-59
213,-56
214,-55
215,-52
216,-56
217,-59
218,-64
219,-62
220,-58
221,-56
222,-55
223,-55
224,-45
225,-43
226,-49
227,-52
228,-57
229,-67
230,-57
231,-52
232,-55
233,-53
234,-57
235,-48
236,-48
237,-55
238,-54
239,-57
240,-57
241,-52
242,-53
243,-54
244,-55
245,-50
246,-50
247,-56
248,-55
249,-63
250,-62
251,-53
252,-53
253,-54
254,-50
255,-45
256,-50
257,-53
258,-57
259,-64
260,-54
261,-49
262,-50
263,-53
264,-48
265,-40
266,-38
267,-47
268,-56
269,-58
270,-54
271,-55
272,-47
273,-49
274,-41
275,-31
276,-37
277,-34
278,-41
279,-45
280,-44
281,-39
282,-45
283,-48
284,-41
285,-32
286,-34
287,-44
288,-53
289,-49
290,-50
291,-47
292,-40
293,-44
294,-45
295,-42
296,-44
297,-47
298,-61
299,-61
300,-54
301,-55
302,-52
303,-50
304,-53
305,-51
306,-47
307,-53
308,-60
309,-60
310,-56
311,-55
312,-56
313,-59
314,-57
315,-50
316,-53
317,-59
318,-61
319,-60
320,-57
321,-63
322,-55
323,-57
324,-53
325,-49
326,-59
327,-59
328,-65
329,-65
330,-56
331,-50
332,-58
333,-51
334,-51
335,-50
336,-54
337,-54
338,-60
339,-55
340,-57
341,-60
342,-57
343,-57
344,-54
345,-49
346,-55
347,-65
348,-69
349,-64
350,-55
351,-36
352,-14
353,-9
354,2
355,18
356,26
357,32
358,34
359,46
360,40
361,44
362,44
363,36
364,29
365,16
366,1
367,-21
368,-34
369,-39
370,-48
371,-44
372,-54
373,-63
374,-66
375,-61
376,-63
377,-62
378,-60
379,-57
380,-56
381,-52
382,-54
383,-55
384,-51
385,-52
386,-54
387,-55
388,-61
389,-55
390,-54
391,-56
392,-57
393,-51
394,-46
395,-48
396,-54
397,-57
398,-62
399,-57
400,-52
401,-57
402,-53
403,-51
404,-46
405,-41
406,-48
407,-55
408,-62
409,-53
410,-55
411,-53
412,-56
413,-53
414,-44
415,-46
416,-54
417,-52
418,-61
419,-62
420,-49
421,-45
422,-43
423,-48
424,-42
425,-46
426,-44
427,-55
428,-55
429,-44
430,-55
431,-48
432,-43
433,-45
434,-38
435,-41
436,-46
437,-49
438,-58
439,-45
440,-44
441,-47
442,-46
443,-46
444,-40
445,-37
446,-38
447,-47
448,-49
449,-41
450,-41
451,-42
452,-40
453,-36
454,-30
455,-34
456,-36
457,-43
458,-39
459,-36
460,-41
461,-40
462,-30
463,-36
464,-26
465,-21
466,-32
467,-34
468,-34
469,-30
470,-29
471,-24
472,-19
473,-24
474,-20
475,-14
476,-17
477,-26
478,-21
479,-17
480,-16
481,-10
482,-10
483,-3
484,-5
485,-2
486,-4
487,-14
488,-11
489,-6
490,-13
491,-4
492,-1
493,-3
494,2
495,-2
496,-8
497,-19
498,-7
499,-9
500,-11
501,-10
502,-13
503,-12
504,-10
505,-19
506,-25
507,-27
508,-28
509,-28
510,-30
511,-31
512,-33
513,-29
514,-29
515,-37
516,-39
517,-43
518,-41
519,-42
520,-49
521,-42
522,-48
523,-38
524,-44
525,-48
526,-50
527,-54
528,-48
529,-51
530,-53
531,-44
532,-49
533,-43
534,-45
535,-48
536,-53
537,-56
538,-54
539,-59
540,-52
541,-47
542,-53
543,-47
544,-44
545,-48
546,-53
547,-59
548,-52
549,-53
550,-48
551,-49
552,-53
553,-46
554,-48
555,-52
556,-52
557,-55
558,-52
559,-53
560,-53
561,-51
562,-52
563,-44
564,-49
565,-55
566,-56
567,-58
568,-56
569,-53
570,-58
571,-56
572,-55
573,-46
574,-52
575,-51
576,-58
577,-57
578,-55
579,-60
580,-52
581,-54
582,-54
583,-47
584,-51
585,-54
586,-63
587,-60
588,-44
589,-49
590,-49
591,-56
592,-57
593,-48
594,-49
595,-54
596,-62
597,-61
598,-58
599,-56
600,-55
601,-51
602,-51
603,-48
604,-54
605,-51
606,-59
607,-59
608,-51
609,-53
610,-53
611,-57
612,-57
613,-53
614,-49
615,-54
616,-57
617,-51
618,-51
619,-56
620,-49
621,-52
622,-49
623,-43
624,-47
625,-60
626,-60
627,-56
628,-54
629,-62
630,-51
631,-49
632,-44
633,-44
634,-45
635,-57
636,-57
637,-59
638,-50
639,-53
640,-50
641,-52
642,-43
643,-46
644,-50
645,-56
646,-60
647,-52
648,-54
649,-53
650,-49
651,-55
652,-53
653,-48
654,-56
655,-53
656,-58
657,-55
658,-57
659,-58
660,-54
661,-52
662,-49
663,-48
664,-55
665,-56
666,-60
667,-55
668,-55
669,-52
670,-59
671,-52
672,-45
673,-50
674,-56
675,-63
676,-62
677,-61
678,-59
679,-54
680,-55
681,-54
682,-45
683,-45
684,-58
685,-60
686,-60
687,-58
688,-53
689,-52
690,-56
691,-58
692,-44
693,-48
694,-58
695,-54
696,-59
697,-57
698,-57
699,-53
700,-47
701,-53
702,-53
703,-52
704,-55
705,-57
706,-64
707,-54
708,-54
709,-53
710,-56
711,-57
712,-49
713,-52
714,-56
715,-50
716,-58
717,-58
718,-59
719,-57
720,-59
721,-58
722,-40
723,-46
724,-59
725,-64
726,-62
727,-55
728,-57
729,-55
730,-56
731,-57
732,-50
733,-53
734,-59
735,-59
736,-56
737,-55
738,-56
739,-53
740,-57
741,-51
742,-46
743,-55
744,-59
745,-61
746,-58
747,-58
748,-50
749,-49
750,-53
751,-51
752,-51
753,-54
754,-57
755,-60
756,-56
757,-59
758,-59
759,-51
760,-50
761,-53
762,-49
763,-49
764,-51
765,-58
766,-62
767,-55
768,-57
769,-58
770,-49
771,-46
772,-46
773,-48
774,-57
775,-55
776,-54
777,-53
778,-51
779,-54
780,-51
781,-47
782,-50
783,-45
784,-53
785,-63
786,-55
787,-51
788,-57
789,-49
790,-47
791,-48
792,-49
793,-55
794,-53
795,-58
796,-56
797,-54
798,-50
799,-53
800,-47
801,-50
802,-47
803,-50
804,-48
805,-56
806,-52
807,-52
808,-47
809,-48
810,-50
811,-43
812,-39
813,-38
814,-48
815,-57
816,-50
817,-50
818,-46
819,-39
820,-40
821,-32
822,-30
823,-33
824,-37
825,-48
826,-44
827,-41
828,-40
829,-41
830,-37
831,-39
832,-38
833,-40
834,-44
835,-54
836,-45
837,-41
838,-44
839,-46
840,-48
841,-41
842,-39
843,-52
844,-58
845,-65
846,-58
847,-56
848,-53
849,-55
850,-52
851,-50
852,-53
853,-55
854,-62
855,-62
856,-58
857,-51
858,-58
859,-53
860,-53
861,-50
862,-53
863,-61
864,-65
865,-62
866,-59
867,-55
868,-61
869,-58
870,-54
871,-52
872,-47
873,-59
874,-65
875,-61
876,-55
877,-58
878,-56
879,-54
880,-54
881,-48
882,-49
883,-58
884,-70
885,-60
886,-54
887,-59
888,-52
889,-57
890,-54
891,-55
892,-58
893,-54
894,-46
895,-33
896,-10
897,-4
898,12
899,26
900,43
901,57
902,56
903,50
904,47
905,42
906,38
907,36
908,27
909,6
910,-3
911,-18
912,-24
913,-39
914,-54
915,-60
916,-65
917,-79
918,-75
919,-67
920,-60
921,-51
922,-49
923,-58
924,-59
925,-55
926,-59
927,-62
928,-61
929,-54
930,-48
931,-51
932,-55
933,-61
934,-61
935,-58
936,-55
937,-58
938,-57
939,-58
940,-53
941,-49
942,-51
943,-64
944,-63
945,-55
946,-59
947,-54
948,-55
949,-53
950,-54
951,-53
952,-55
953,-57
954,-60
955,-56
956,-52
957,-53
958,-56
959,-56
960,-45
961,-46
962,-53
963,-56
964,-62
965,-53
966,-56
967,-60
968,-53
969,-51
970,-46
971,-46
972,-53
973,-56
974,-61
975,-56
976,-48
977,-48
978,-51
979,-52
980,-45
981,-47
982,-53
983,-49
984,-56
985,-50
986,-48
987,-50
988,-45
989,-44
990,-41
991,-38
992,-46
993,-57
994,-56
995,-47
996,-47
997,-47
998,-49
999,-43
1000,-37
1001,-40
1002,-42
1003,-47
1004,-45
1005,-39
1006,-45
1007,-44
1008,-27
1009,-33
1010,-24
1011,-30
1012,-37
1013,-44
1014,-34
1015,-24
1016,-21
1017,-21
1018,-25
1019,-27
1020,-19
1021,-15
1022,-20
1023,-26
1024,-22
1025,-17
1026,-17
1027,-10
1028,-16
1029,-11
1030,-9
1031,-3
1032,-12
1033,-18
1034,-11
1035,-13
1036,-12
1037,-7
1038,-5
1039,-5
1040,-10
1041,-7
1042,-10
1043,-19
1044,-20
1045,-17
1046,-20
1047,-15
1048,-21
1049,-21
1050,-20
1051,-24
1052,-36
1053,-45
1054,-39
1055,-35
1056,-39
1057,-38
1058,-38
1059,-35
1060,-36
1061,-41
1062,-48
1063,-53
1064,-50
1065,-53
1066,-52
1067,-47
1068,-50
1069,-49
1070,-53
1071,-53
1072,-56
1073,-60
1074,-52
1075,-54
1076,-60
1077,-57
1078,-53
1079,-47
1080,-49
1081,-51
1082,-58
1083,-60
1084,-56
1085,-55
1086,-53
1087,-50
1088,-54
1089,-47
1090,-49
1091,-54
1092,-63
1093,-63
1094,-56
1095,-59
1096,-61
1097,-56
1098,-55
1099,-50
1100,-51
1101,-52
1102,-55
1103,-62
1104,-58
1105,-61
1106,-53
1107,-56
1108,-54
1109,-50
1110,-49
1111,-54
1112,-63
1113,-66
1114,-60
1115,-53
1116,-54
1117,-55
1118,-49
1119,-45
1120,-52
1121,-55
1122,-57
1123,-63
1124,-54
1125,-52
1126,-50
1127,-54
1128,-59
1129,-46
1130,-42
1131,-50
1132,-59
1133,-66
1134,-60
1135,-52
1136,-51
1137,-45
1138,-46
1139,-42
1140,-44
1141,-47
1142,-57
1143,-60
1144,-54
1145,-50
1146,-52
1147,-50
1148,-50
1149,-43
1150,-45
1151,-51
1152,-58
1153,-59
1154,-57
1155,-54
1156,-55
1157,-53
1158,-52
1159,-50
1160,-45
1161,-49
1162,-55
1163,-57
1164,-55
1165,-55
1166,-52
1167,-52
1168,-52
1169,-44
1170,-50
1171,-62
1172,-65
1173,-58
1174,-53
1175,-54
1176,-56
1177,-54
1178,-54
1179,-48
1180,-53
1181,-56
1182,-69
1183,-59
1184,-51
1185,-51
1186,-53
1187,-56
1188,-51
1189,-50
1190,-50
1191,-53
1192,-57
1193,-58
1194,-57
1195,-58
1196,-54
1197,-53
1198,-48
1199,-47
1200,-58
1201,-58
1202,-60
1203,-52
1204,-55
1205,-55
1206,-53
1207,-58
1208,-47
1209,-45
1210,-54
1211,-60
1212,-64
1213,-63
1214,-55
1215,-58
1216,-56
1217,-53
1218,-54
1219,-54
1220,-53
1221,-57
1222,-56
1223,-50
1224,-54
1225,-54
1226,-52
1227,-58
1228,-50
1229,-53
1230,-53
1231,-55
1232,-60
1233,-57
1234,-57
1235,-57
1236,-55
1237,-55
1238,-45
1239,-48
1240,-53
1241,-57
1242,-59
1243,-59
1244,-55
1245,-52
1246,-58
1247,-53
1248,-43
1249,-51
1250,-54
1251,-55
1252,-58
1253,-58
1254,-61
1255,-57
1256,-52
1257,-49
1258,-49
1259,-52
1260,-51
1261,-59
1262,-59
1263,-52
1264,-57
1265,-56
1266,-52
1267,-53
1268,-52
1269,-52
1270,-48
1271,-51
1272,-56
1273,-60
1274,-60
1275,-55
1276,-51
1277,-47
1278,-45
1279,-50
1280,-55
1281,-59
1282,-58
1283,-58
1284,-53
1285,-55
1286,-50
1287,-52
1288,-45
1289,-44
1290,-50
1291,-59
1292,-57
1293,-50
1294,-56
1295,-52
1296,-53
1297,-52
1298,-47
1299,-52
1300,-55
1301,-59
1302,-59
1303,-48
1304,-53
1305,-55
1306,-57
1307,-53
1308,-44
1309,-48
1310,-55
1311,-60
1312,-58
1313,-53
1314,-58
1315,-55
1316,-53
1317,-50
1318,-45
1319,-46
1320,-51
1321,-61
1322,-60
1323,-59
1324,-54
1325,-49
1326,-53
1327,-49
1328,-46
1329,-47
1330,-55
1331,-55
1332,-48
1333,-51
1334,-53
1335,-54
1336,-46
1337,-45
1338,-46
1339,-49
1340,-56
1341,-57
1342,-48
1343,-40
1344,-35
1345,-41
1346,-39
1347,-32
1348,-32
1349,-38
1350,-39
1351,-52
1352,-43
1353,-40
1354,-43
1355,-41
1356,-44
1357,-42
1358,-42
1359,-39
1360,-47
1361,-51
1362,-52
1363,-46
1364,-47
1365,-46
1366,-50
1367,-43
1368,-44
1369,-50
1370,-57
1371,-60
1372,-60
1373,-59
1374,-52
1375,-51
1376,-55
1377,-57
1378,-54
1379,-54
1380,-54
1381,-60
1382,-55
1383,-51
1384,-56
1385,-57
1386,-58
1387,-52
1388,-52
1389,-52
1390,-58
1391,-61
1392,-61
1393,-57
1394,-60
1395,-54
1396,-53
1397,-45
1398,-49
1399,-52
1400,-60
1401,-61
1402,-57
1403,-55
1404,-59
1405,-62
1406,-56
1407,-50
1408,-50
1409,-50
1410,-61
1411,-66
1412,-59
1413,-59
1414,-60
1415,-56
1416,-48
1417,-21
1418,-5
1419,-2
1420,2
1421,14
1422,32
1423,45
1424,48
1425,52
1426,52
1427,51
1428,39
1429,24
1430,6
1431,0
1432,-15
1433,-21
1434,-31
1435,-41
1436,-47
1437,-54
1438,-66
1439,-76
1440,-79
1441,-66
1442,-65
1443,-62
1444,-56
1445,-58
1446,-49
1447,-50
1448,-55
1449,-60
1450,-65
1451,-62
1452,-59
1453,-57
1454,-60
1455,-54
1456,-52
1457,-49
1458,-56
1459,-63
1460,-63
1461,-54
1462,-54
1463,-59
1464,-52
1465,-52
1466,-50
1467,-49
1468,-54
1469,-60
1470,-70
1471,-61
1472,-60
1473,-52
1474,-49
1475,-52
1476,-47
1477,-44
1478,-54
1479,-58
1480,-64
1481,-59
1482,-54
1483,-54
1484,-53
1485,-54
1486,-43
1487,-41
1488,-48
1489,-59
1490,-61
1491,-54
1492,-52
1493,-47
1494,-47
1495,-51
1496,-40
1497,-43
1498,-50
1499,-54
1500,-54
1501,-50
1502,-48
1503,-50
1504,-45
1505,-47
1506,-41
1507,-41
1508,-44
1509,-51
1510,-52
1511,-41
1512,-46
1513,-52
1514,-47
1515,-42
1516,-37
1517,-39
1518,-37
1519,-44
1520,-45
1521,-43
1522,-42
1523,-39
1524,-37
1525,-34
1526,-35
1527,-28
1528,-35
1529,-38
1530,-40
1531,-27
1532,-27
1533,-31
1534,-27
1535,-28
1536,-17
1537,-23
1538,-28
1539,-32
1540,-26
1541,-25
1542,-22
1543,-22
1544,-19
1545,-13
1546,-4
1547,-8
1548,-11
1549,-12
1550,-19
1551,-8
1552,-13
1553,-13
1554,-13
1555,-11
1556,-8
1557,1
1558,-7
1559,-13
1560,-10
1561,-8
1562,-7
1563,-8
1564,-9
1565,-11
1566,-6
1567,-11
1568,-19
1569,-24
1570,-23
1571,-23
1572,-26
1573,-25
1574,-27
1575,-31
1576,-27
1577,-31
1578,-41
1579,-43
1580,-46
1581,-49
1582,-48
1583,-45
1584,-46
1585,-46
1586,-38
1587,-45
1588,-53
1589,-56
1590,-55
1591,-52
1592,-50
1593,-54
1594,-56
1595,-53
1596,-56
1597,-55
1598,-57
1599,-65
1600,-61
1601,-57
1602,-57
1603,-53
1604,-57
1605,-56
1606,-53
1607,-53
1608,-55
1609,-61
1610,-59
1611,-57
1612,-61
1613,-57
1614,-53
1615,-52
1616,-52
1617,-58
1618,-59
1619,-62
1620,-62
1621,-62
1622,-62
1623,-58
1624,-58
1625,-56
1626,-53
1627,-57
1628,-62
1629,-64
1630,-62
1631,-62
1632,-60
1633,-58
1634,-57
1635,-55
1636,-57
1637,-60
1638,-61
1639,-64
1640,-62
1641,-59
1642,-54
1643,-60
1644,-58
1645,-49
1646,-53
1647,-57
1648,-63
1649,-68
1650,-60
1651,-55
1652,-58
1653,-56
1654,-59
1655,-53
1656,-50
1657,-58
1658,-65
1659,-64
1660,-56
1661,-59
1662,-53
1663,-55
1664,-57
1665,-56
1666,-57
1667,-54
1668,-58
1669,-68
1670,-56
1671,-55
1672,-52
1673,-53
1674,-59
1675,-53
1676,-53
1677,-57
1678,-60
1679,-65
1680,-55
1681,-53
1682,-60
1683,-59
1684,-53
1685,-44
1686,-49
1687,-54
1688,-64
1689,-69
1690,-54
1691,-54
1692,-55
1693,-55
1694,-59
1695,-46
1696,-49
1697,-58
1698,-63
1699,-61
1700,-64
1701,-63
1702,-55
1703,-53
1704,-50
1705,-55
1706,-57
1707,-66
1708,-61
1709,-61
1710,-53
1711,-51
1712,-56
1713,-57
1714,-57
1715,-54
1716,-53
1717,-57
1718,-61
1719,-61
1720,-61
1721,-64
1722,-55
1723,-55
1724,-52
1725,-49
1726,-52
1727,-58
1728,-60
1729,-63
1730,-60
1731,-61
1732,-55
1733,-55
1734,-51
1735,-50
1736,-54
1737,-63
1738,-66
1739,-56
1740,-56
1741,-57
1742,-59
1743,-58
1744,-53
1745,-51
1746,-52
1747,-60
1748,-64
1749,-57
1750,-53
1751,-53
1752,-62
1753,-62
1754,-51
1755,-48
1756,-48
1757,-57
1758,-64
1759,-62
1760,-56
1761,-60
1762,-56
1763,-57
1764,-53
1765,-54
1766,-55
1767,-63
1768,-65
1769,-61
1770,-59
1771,-57
1772,-56
1773,-52
1774,-50
1775,-50
1776,-55
1777,-59
1778,-62
1779,-60
1780,-59
1781,-60
1782,-64
1783,-53
1784,-52
1785,-49
1786,-55
1787,-59
1788,-62
1789,-58
1790,-55
1791,-53
1792,-52
1793,-63
1794,-58
1795,-52
1796,-58
1797,-58
1798,-62
1799,-51
1800,-50
1801,-58
1802,-59
1803,-52
1804,-49
1805,-48
1806,-52
1807,-57
1808,-63
1809,-57
1810,-51
1811,-49
1812,-53
1813,-56
1814,-46
1815,-47
1816,-54
1817,-55
1818,-57
1819,-56
1820,-54
1821,-53
1822,-53
1823,-45
1824,-40
1825,-36
1826,-42
1827,-48
1828,-50
1829,-41
1830,-43
1831,-45
1832,-42
1833,-45
1834,-45
1835,-45
1836,-47
1837,-50
1838,-50
1839,-50
1840,-59
1841,-50
1842,-47
1843,-45
1844,-42
1845,-40
1846,-51
1847,-58
1848,-61
1849,-54
1850,-53
1851,-56
1852,-56
1853,-58
1854,-51
1855,-53
1856,-62
1857,-65
1858,-68
1859,-61
1860,-57
1861,-55
1862,-56
1863,-56
1864,-50
1865,-54
1866,-54
1867,-67
1868,-64
1869,-62
1870,-61
1871,-58
1872,-61
1873,-54
1874,-48
1875,-53
1876,-64
1877,-69
1878,-61
1879,-59
1880,-61
1881,-57
1882,-56
1883,-55
1884,-49
1885,-55
1886,-56
1887,-63
1888,-66
1889,-63
1890,-56
1891,-53
1892,-59
1893,-59
1894,-56
1895,-56
1896,-53
1897,-42
1898,-17
1899,-3
1900,0
1901,14
1902,29
1903,40
1904,49
1905,49
1906,45
1907,33
1908,34
1909,26
1910,10
1911,-3
1912,-14
1913,-17
1914,-28
1915,-45
1916,-52
1917,-64
1918,-74
1919,-75
1920,-75
1921,-66
1922,-64
1923,-55
1924,-52
1925,-55
1926,-61
1927,-62
1928,-57
1929,-56
1930,-56
1931,-50
1932,-53
1933,-49
1934,-56
1935,-55
1936,-57
1937,-60
1938,-53
1939,-58
1940,-55
1941,-48
1942,-50
1943,-45
1944,-54
1945,-56
1946,-58
1947,-61
1948,-59
1949,-55
1950,-59
1951,-56
1952,-51
1953,-45
1954,-49
1955,-51
1956,-48
1957,-55
1958,-52
1959,-53
1960,-52
1961,-54
1962,-50
1963,-45
1964,-49
1965,-51
1966,-55
1967,-58
1968,-58
1969,-51
1970,-52
1971,-51
1972,-47
1973,-40
1974,-43
1975,-54
1976,-58
1977,-56
1978,-49
1979,-46
1980,-45
1981,-44
1982,-43
1983,-40
1984,-42
1985,-51
1986,-53
1987,-59
1988,-49
1989,-47
1990,-43
1991,-40
1992,-41
1993,-36
1994,-37
1995,-42
1996,-48
1997,-47
1998,-43
1999,-39
2000,-41
2001,-41
2002,-35
2003,-33
2004,-38
2005,-39
2006,-44
2007,-38
2008,-40
2009,-41
2010,-32
2011,-27
2012,-34
2013,-21
2014,-25
2015,-34
2016,-39
2017,-31
2018,-31
2019,-25
2020,-30
2021,-19
2022,-15
2023,-8
2024,-19
2025,-16
2026,-22
2027,-14
2028,-14
2029,-10
2030,-7
2031,-13
2032,-8
2033,-6
2034,-9
2035,-13
2036,-13
2037,-9
2038,-9
2039,-10
2040,-8
2041,-9
2042,-5
2043,-7
2044,-10
2045,-14
2046,-19
2047,-19
2048,-17
2049,-19
2050,-17
2051,-21
2052,-16
2053,-24
2054,-26
2055,-34
2056,-40
2057,-40
2058,-41
2059,-43
2060,-41
2061,-38
2062,-36
2063,-38
2064,-45
2065,-47
2066,-55
2067,-54
2068,-50
2069,-52
2070,-48
2071,-49
2072,-44
2073,-47
2074,-57
2075,-62
2076,-61
2077,-53
2078,-54
2079,-51
2080,-54
2081,-53
2082,-48
2083,-46
2084,-55
2085,-54
2086,-57
2087,-55
2088,-53
2089,-53
2090,-54
2091,-58
2092,-48
2093,-47
2094,-58
2095,-62
2096,-59
2097,-55
2098,-59
2099,-60
2100,-59
2101,-54
2102,-46
2103,-46
2104,-51
2105,-58
2106,-62
2107,-54
2108,-59
2109,-58
2110,-57
2111,-53
2112,-49
2113,-52
2114,-56
2115,-63
2116,-63
2117,-52
2118,-55
2119,-55
2120,-52
2121,-51
2122,-45
2123,-50
2124,-62
2125,-62
2126,-60
2127,-55
2128,-56
2129,-51
2130,-55
2131,-52
2132,-47
2133,-52
2134,-61
2135,-60
2136,-55
2137,-57
2138,-61
2139,-55
2140,-51
2141,-52
2142,-46
2143,-47
2144,-55
2145,-64
2146,-60
2147,-54
2148,-58
2149,-52
2150,-54
2151,-53
2152,-46
2153,-53
2154,-51
2155,-52
2156,-54
2157,-58
2158,-54
2159,-52
2160,-48
2161,-43
2162,-44
2163,-46
2164,-51
2165,-55
2166,-56
2167,-51
2168,-55
2169,-54
2170,-52
2171,-47
2172,-43
2173,-48
2174,-55
2175,-62
2176,-56
2177,-53
2178,-50
2179,-46
2180,-51
2181,-45
2182,-45
2183,-54
2184,-55
2185,-60
2186,-56
2187,-51
2188,-50
2189,-56
2190,-56
2191,-44
2192,-49
2193,-55
2194,-54
2195,-55
2196,-54
2197,-50
2198,-50
2199,-51
2200,-49
2201,-45
2202,-45
2203,-48
2204,-58
2205,-60
2206,-55
2207,-52
2208,-48
2209,-51
2210,-53
2211,-46
2212,-50
2213,-51
2214,-58
2215,-59
2216,-53
2217,-55
2218,-57
2219,-45
2220,-43
2221,-40
2222,-46
2223,-51
2224,-54
2225,-57
2226,-49
2227,-53
2228,-54
2229,-50
2230,-51
2231,-43
2232,-46
2233,-55
2234,-60
2235,-57
2236,-52
2237,-52
2238,-55
2239,-54
2240,-52
2241,-44
2242,-48
2243,-51
2244,-56
2245,-56
2246,-49
2247,-51
2248,-57
2249,-51
2250,-48
2251,-42
2252,-45
2253,-48
2254,-53
2255,-54
2256,-55
2257,-49
2258,-50
2259,-49
2260,-50
2261,-43
2262,-50
2263,-52
2264,-56
2265,-55
2266,-51
2267,-52
2268,-50
2269,-52
2270,-52
2271,-42
2272,-46
2273,-52
2274,-61
2275,-58
2276,-51
2277,-53
2278,-46
2279,-50
2280,-53
2281,-45
2282,-47
2283,-53
2284,-53
2285,-52
2286,-51
2287,-55
2288,-51
2289,-51
2290,-49
2291,-43
2292,-46
2293,-52
2294,-58
2295,-51
2296,-48
2297,-49
2298,-49
2299,-48
2300,-45
2301,-41
2302,-50
2303,-51
2304,-54
2305,-53
2306,-48
2307,-46
2308,-45
2309,-48
2310,-40
2311,-38
2312,-43
2313,-47
2314,-54
2315,-48
2316,-44
2317,-43
2318,-38
2319,-34
2320,-22
2321,-25
2322,-32
2323,-35
2324,-42
2325,-41
2326,-36
2327,-39
2328,-38
2329,-35
2330,-31
2331,-32
2332,-37
2333,-42
2334,-46
2335,-39
2336,-37
2337,-37
2338,-39
2339,-36
2340,-37
2341,-42
2342,-43
2343,-43
2344,-53
2345,-53
2346,-48
2347,-52
2348,-50
2349,-40
2350,-37
2351,-44
2352,-41
2353,-48
2354,-57
2355,-52
2356,-45
2357,-47
2358,-50
2359,-50
2360,-42
2361,-42
2362,-52
2363,-51
2364,-55
2365,-50
2366,-50
2367,-44
2368,-41
2369,-44
2370,-41
2371,-40
2372,-46
2373,-53
2374,-60
2375,-51
2376,-44
2377,-46
2378,-46
2379,-48
2380,-41
2381,-38
2382,-44
2383,-47
2384,-57
2385,-56
2386,-52
2387,-56
2388,-54
2389,-37
2390,-18
2391,3
2392,5
2393,7
2394,17
2395,39
2396,54
2397,62
2398,71
2399,63
2400,69
2401,56
2402,45
2403,27
2404,16
2405,10
2406,-7
2407,-9
2408,-20
2409,-28
2410,-31
2411,-46
2412,-63
2413,-71
2414,-59
2415,-50
2416,-49
2417,-45
2418,-49
2419,-45
2420,-33
2421,-38
2422,-45
2423,-50
2424,-52
2425,-48
2426,-47
2427,-42
2428,-44
2429,-39
2430,-40
2431,-46
2432,-45
2433,-48
2434,-50
2435,-46
2436,-44
2437,-43
2438,-44
2439,-37
2440,-33
2441,-41
2442,-48
2443,-48
2444,-45
2445,-45
2446,-38
2447,-39
2448,-42
2449,-41
2450,-34
2451,-40
2452,-43
2453,-48
2454,-46
2455,-44
2456,-46
2457,-41
2458,-36
2459,-29
2460,-35
2461,-36
2462,-46
2463,-49
2464,-42
2465,-43
2466,-42
2467,-37
2468,-37
2469,-31
2470,-31
2471,-32
2472,-41
2473,-42
2474,-35
2475,-41
2476,-42
2477,-34
2478,-31
2479,-26
2480,-30
2481,-37
2482,-33
2483,-40
2484,-38
2485,-33
2486,-30
2487,-30
2488,-35
2489,-29
2490,-30
2491,-26
2492,-31
2493,-37
2494,-27
2495,-30
2496,-31
2497,-33
2498,-26
2499,-20
2500,-17
2501,-22
2502,-25
2503,-30
2504,-26
2505,-18
2506,-22
2507,-20
2508,-16
2509,-9
2510,-10
2511,-12
2512,-12
2513,-16
2514,-11
2515,-12
2516,-12
2517,-8
2518,-3
2519,4
2520,3
2521,5
2522,-2
2523,-8
2524,4
2525,5
2526,6
2527,3
2528,6
2529,7
2530,8
2531,-1
2532,-2
2533,-2
2534,3
2535,3
2536,3
2537,2
2538,1
2539,6
2540,10
2541,-5
2542,-11
2543,-13
2544,-10
2545,-15
2546,-15
2547,-18
2548,-14
2549,-14
2550,-16
2551,-22
2552,-34
2553,-34
2554,-28
2555,-27
2556,-28
2557,-32
2558,-34
2559,-27
2560,-27
2561,-40
2562,-44
2563,-42
2564,-38
2565,-41
2566,-36
2567,-36
2568,-35
2569,-31
2570,-35
2571,-45
2572,-47
2573,-43
2574,-42
2575,-44
2576,-38
2577,-45
2578,-41
2579,-36
2580,-39
2581,-45
2582,-48
2583,-41
2584,-43
2585,-43
2586,-39
2587,-38
2588,-36
2589,-33
2590,-34
2591,-45
2592,-48
2593,-40
2594,-41
2595,-41
2596,-43
2597,-46
2598,-37
2599,-38
2600,-38
2601,-45
2602,-51
2603,-46
2604,-40
2605,-45
2606,-41
2607,-37
2608,-36
2609,-35
2610,-40
2611,-45
2612,-50
2613,-43
2614,-35
2615,-37
2616,-37
2617,-46
2618,-35
2619,-38
2620,-47
2621,-44
2622,-52
2623,-43
2624,-41
2625,-37
2626,-40
2627,-39
2628,-36
2629,-36
2630,-43
2631,-42
2632,-47
2633,-37
2634,-37
2635,-37
2636,-38
2637,-38
2638,-34
2639,-33
2640,-34
2641,-43
2642,-49
2643,-43
2644,-37
2645,-41
2646,-36
2647,-39
2648,-28
2649,-32
2650,-36
2651,-45
2652,-46
2653,-41
2654,-42
2655,-38
2656,-37
2657,-39
2658,-33
2659,-32
2660,-37
2661,-44
2662,-44
2663,-41
2664,-40
2665,-44
2666,-40
2667,-33
2668,-29
2669,-34
2670,-39
2671,-41
2672,-43
2673,-42
2674,-37
2675,-38
2676,-39
2677,-38
2678,-34
2679,-35
2680,-40
2681,-45
2682,-44
2683,-45
2684,-39
2685,-37
2686,-38
2687,-42
2688,-35
2689,-37
2690,-36
2691,-42
2692,-41
2693,-43
2694,-41
2695,-41
2696,-37
2697,-38
2698,-35
2699,-39
2700,-43
2701,-43
2702,-41
2703,-37
2704,-46
2705,-41
2706,-42
2707,-36
2708,-36
2709,-39
2710,-39
2711,-50
2712,-48
2713,-41
2714,-40
2715,-34
2716,-37
2717,-35
2718,-28
2719,-40
2720,-46
2721,-47
2722,-44
2723,-42
2724,-41
2725,-40
2726,-41
2727,-34
2728,-34
2729,-39
2730,-42
2731,-45
2732,-41
2733,-38
2734,-37
2735,-40
2736,-39
2737,-42
2738,-42
2739,-43
2740,-40
2741,-45
2742,-40
2743,-35
2744,-34
2745,-37
2746,-35
2747,-29
2748,-35
2749,-42
2750,-50
2751,-51
2752,-44
2753,-39
2754,-37
2755,-36
2756,-39
2757,-30
2758,-30
2759,-34
2760,-38
2761,-49
2762,-42
2763,-39
2764,-42
2765,-36
2766,-37
2767,-34
2768,-34
2769,-37
2770,-42
2771,-48
2772,-40
2773,-37
2774,-34
2775,-40
2776,-38
2777,-34
2778,-33
2779,-38
2780,-45
2781,-45
2782,-37
2783,-39
2784,-36
2785,-40
2786,-34
2787,-30
2788,-36
2789,-33
2790,-39
2791,-42
2792,-44
2793,-39
2794,-37
2795,-36
2796,-33
2797,-29
2798,-33
2799,-37
2800,-38
2801,-42
2802,-37
2803,-30
2804,-32
2805,-29
2806,-31
2807,-28
2808,-30
2809,-31
2810,-34
2811,-31
2812,-25
2813,-25
2814,-18
2815,-18
2816,-16
2817,-18
2818,-19
2819,-27
2820,-32
2821,-33
2822,-27
2823,-29
2824,-29
2825,-26
2826,-28
2827,-18
2828,-22
2829,-30
2830,-32
2831,-31
2832,-29
2833,-30
2834,-29
2835,-34
2836,-35
2837,-27
2838,-33
2839,-39
2840,-44
2841,-35
2842,-38
2843,-39
2844,-33
2845,-31
2846,-32
2847,-31
2848,-33
2849,-45
2850,-45
2851,-36
2852,-36
2853,-30
2854,-38
2855,-38
2856,-31
2857,-24
2858,-37
2859,-38
2860,-42
2861,-45
2862,-41
2863,-38
2864,-33
2865,-34
2866,-30
2867,-27
2868,-36
2869,-45
2870,-40
2871,-37
2872,-33
2873,-39
2874,-35
2875,-33
2876,-32
2877,-27
2878,-39
2879,-41
2880,-40
2881,-36
2882,-34
2883,-38
2884,-40
2885,-40
2886,-29
2887,-11
2888,6
2889,12
2890,13
2891,32
2892,46
2893,61
2894,76
2895,83
2896,85
2897,75
2898,66
2899,57
2900,48
2901,36
2902,13
2903,9
2904,0
2905,-13
2906,-12
2907,-23
2908,-38
2909,-55
2910,-60
2911,-50
2912,-44
2913,-38
2914,-37
2915,-38
2916,-33
2917,-29
2918,-34
2919,-37
2920,-43
2921,-36
2922,-41
2923,-33
2924,-35
2925,-31
2926,-26
2927,-29
2928,-34
2929,-34
2930,-41
2931,-39
2932,-33
2933,-30
2934,-28
2935,-31
2936,-29
2937,-32
2938,-33
2939,-33
2940,-34
2941,-33
2942,-31
2943,-32
2944,-28
2945,-31
2946,-21
2947,-27
2948,-36
2949,-37
2950,-38
2951,-32
2952,-32
2953,-30
2954,-29
2955,-25
2956,-21
2957,-26
2958,-29
2959,-35
2960,-36
2961,-35
2962,-40
2963,-29
2964,-27
2965,-27
2966,-22
2967,-24
2968,-30
2969,-30
2970,-28
2971,-24
2972,-27
2973,-24
2974,-26
2975,-22
2976,-17
2977,-21
2978,-27
2979,-33
2980,-30
2981,-24
2982,-20
2983,-18
2984,-21
2985,-16
2986,-10
2987,-16
2988,-22
2989,-29
2990,-22
2991,-18
2992,-18
2993,-19
2994,-20
2995,-8
2996,-8
2997,-11
2998,-12
2999,-22
3000,-17
3001,-14
3002,-14
3003,-18
3004,-10
3005,-6
3006,3
3007,3
3008,-3
3009,-7
3010,0
3011,2
3012,4
3013,-3
3014,10
3015,18
3016,22
3017,14
3018,0
3019,-1
3020,7
3021,11
3022,13
3023,17
3024,14
3025,18
3026,19
3027,16
3028,12
3029,13
3030,11
3031,11
3032,12
3033,13
3034,12
3035,19
3036,16
3037,8
3038,3
3039,-4
3040,0
3041,2
3042,3
3043,2
3044,-6
3045,0
3046,-12
3047,-20
3048,-16
3049,-18
3050,-20
3051,-21
3052,-22
3053,-19
3054,-23
3055,-18
3056,-15
3057,-27
3058,-27
3059,-33
3060,-30
3061,-30
3062,-25
3063,-30
3064,-26
3065,-23
3066,-25
3067,-29
3068,-32
3069,-42
3070,-31
3071,-29
3072,-34
3073,-34
3074,-33
3075,-25
3076,-27
3077,-35
3078,-41
3079,-36
3080,-28
3081,-30
3082,-31
3083,-31
3084,-33
3085,-27
3086,-27
3087,-31
3088,-39
3089,-41
3090,-38
3091,-36
3092,-28
3093,-27
3094,-25
3095,-25
3096,-26
3097,-32
3098,-41
3099,-42
3100,-37
3101,-36
3102,-29
3103,-34
3104,-35
3105,-23
3106,-31
3107,-37
3108,-40
3109,-35
3110,-30
3111,-33
3112,-24
3113,-26
3114,-29
3115,-31
3116,-28
3117,-37
3118,-42
3119,-34
3120,-34
3121,-35
3122,-34
3123,-32
3124,-26
3125,-25
3126,-34
3127,-36
3128,-37
3129,-34
3130,-30
3131,-36
3132,-34
3133,-30
3134,-26
3135,-24
3136,-30
3137,-32
3138,-36
3139,-30
3140,-29
3141,-34
3142,-31
3143,-34
3144,-28
3145,-25
3146,-30
3147,-30
3148,-37
3149,-30
3150,-35
3151,-32
3152,-28
3153,-30
3154,-27
3155,-26
3156,-28
3157,-32
3158,-38
3159,-36
3160,-28
3161,-22
3162,-24
3163,-32
3164,-29
3165,-25
3166,-28
3167,-29
3168,-38
3169,-33
3170,-27
3171,-30
3172,-27
3173,-29
3174,-24
3175,-26
3176,-31
3177,-27
3178,-33
3179,-34
3180,-29
3181,-30
3182,-28
3183,-26
3184,-24
3185,-27
3186,-32
3187,-36
3188,-41
3189,-29
3190,-26
3191,-32
3192,-32
3193,-26
3194,-17
3195,-21
3196,-24
3197,-34
3198,-43
3199,-32
3200,-31
3201,-33
3202,-31
3203,-29
3204,-24
3205,-23
3206,-22
3207,-29
3208,-39
3209,-36
3210,-33
3211,-30
3212,-30
3213,-33
3214,-22
3215,-24
3216,-32
3217,-38
3218,-38
3219,-30
3220,-31
3221,-32
3222,-35
3223,-31
3224,-26
3225,-24
3226,-31
3227,-33
3228,-32
3229,-29
3230,-27
3231,-32
3232,-31
3233,-34
3234,-27
3235,-27
3236,-27
3237,-33
3238,-38
3239,-31
3240,-30
3241,-34
3242,-29
3243,-26
3244,-26
3245,-29
3246,-36
3247,-38
3248,-35
3249,-33
3250,-33
3251,-30
3252,-30
3253,-30
3254,-29
3255,-34
3256,-28
3257,-33
3258,-32
3259,-33
3260,-31
3261,-29
3262,-28
3263,-34
3264,-31
3265,-28
3266,-33
3267,-40
3268,-33
3269,-28
3270,-29
3271,-30
3272,-26
3273,-23
3274,-27
3275,-28
3276,-32
3277,-38
3278,-32
3279,-37
3280,-35
3281,-29
3282,-28
3283,-23
3284,-25
3285,-22
3286,-28
3287,-40
3288,-33
3289,-35
3290,-33
3291,-29
3292,-30
3293,-24
3294,-23
3295,-31
3296,-33
3297,-31
3298,-27
3299,-30
3300,-30
3301,-28
3302,-31
3303,-26
3304,-24
3305,-30
3306,-34
3307,-37
3308,-30
3309,-24
3310,-21
3311,-25
3312,-27
3313,-15
3314,-25
3315,-27
3316,-21
3317,-23
3318,-19
3319,-19
3320,-18
3321,-20
3322,-16
3323,-5
3324,-5
3325,-10
3326,-19
3327,-29
3328,-18
3329,-21
3330,-25
3331,-21
3332,-18
3333,-16
3334,-19
3335,-22
3336,-18
3337,-28
3338,-21
3339,-23
3340,-25
3341,-22
3342,-23
3343,-24
3344,-25
3345,-30
3346,-33
3347,-39
3348,-41
3349,-32
3350,-35
3351,-28
3352,-27
3353,-25
3354,-27
3355,-32
3356,-30
3357,-37
3358,-32
3359,-30
3360,-33
3361,-30
3362,-33
3363,-26
3364,-25
3365,-29
3366,-36
3367,-42
3368,-35
3369,-37
3370,-33
3371,-29
3372,-32
3373,-20
3374,-25
3375,-34
3376,-41
3377,-36
3378,-34
3379,-37
3380,-34
3381,-28
3382,-28
3383,-27
3384,-28
3385,-33
3386,-37
3387,-36
3388,-32
3389,-39
3390,-43
3391,-39
3392,-30
3393,-22
3394,-13
3395,3
3396,11
3397,29
3398,38
3399,49
3400,60
3401,73
3402,77
3403,79
3404,73
3405,66
3406,62
3407,51
3408,38
3409,21
3410,13
3411,4
3412,-3
3413,-13
3414,-29
3415,-38
3416,-51
3417,-53
3418,-42
3419,-38
3420,-32
3421,-31
3422,-30
3423,-25
3424,-26
3425,-23
3426,-32
3427,-36
3428,-29
3429,-28
3430,-29
3431,-29
3432,-29
3433,-30
3434,-24
3435,-31
3436,-39
3437,-34
3438,-30
3439,-23
3440,-27
3441,-30
3442,-23
3443,-26
3444,-26
3445,-27
3446,-30
3447,-35
3448,-29
3449,-32
3450,-28
3451,-27
3452,-21
3453,-24
3454,-26
3455,-28
3456,-32
3457,-29
3458,-25
3459,-25
3460,-21
3461,-24
3462,-24
3463,-21
3464,-15
3465,-21
3466,-36
3467,-28
3468,-24
3469,-21
3470,-24
3471,-21
3472,-17
3473,-23
3474,-25
3475,-27
3476,-29
3477,-27
3478,-21
3479,-19
3480,-18
3481,-19
3482,-14
3483,-15
3484,-17
3485,-20
3486,-21
3487,-20
3488,-26
3489,-16
3490,-18
3491,-16
3492,-10
3493,-12
3494,-15
3495,-19
3496,-22
3497,-16
3498,-14
3499,-11
3500,-8
3501,-8
3502,2
3503,-2
3504,-9
3505,-12
3506,-15
3507,-11
3508,-4
3509,1
3510,-2
3511,-5
3512,3
3513,7
3514,5
3515,-5
3516,1
3517,6
3518,8
3519,12
3520,14
3521,11
3522,18
3523,19
3524,12
3525,7
3526,11
3527,18
3528,21
3529,24
3530,24
3531,22
3532,27
3533,18
3534,14
3535,19
3536,18
3537,18
3538,17
3539,26
3540,22
3541,22
3542,25
3543,18
3544,11
3545,14
3546,11
3547,13
3548,8
3549,5
3550,0
3551,7
3552,7
3553,4
3554,-10
3555,-13
3556,-12
3557,-11
3558,-14
3559,-11
3560,-13
3561,-11
3562,-15
3563,-13
3564,-24
3565,-26
3566,-19
3567,-19
3568,-23
3569,-20
3570,-21
3571,-19
3572,-14
3573,-18
3574,-28
3575,-29
3576,-23
3577,-25
3578,-23
3579,-21
3580,-22
3581,-17
3582,-18
3583,-20
3584,-23
3585,-31
3586,-23
3587,-26
3588,-27
3589,-21
3590,-18
3591,-19
3592,-21
3593,-23
3594,-31
3595,-35
3596,-29
3597,-24
3598,-24
3599,-23
3600,-22
3601,-18
3602,-22
3603,-23
3604,-28
3605,-31
3606,-24
3607,-21
3608,-23
3609,-26
3610,-23
3611,-18
3612,-25
3613,-25
3614,-30
3615,-36
3616,-24
3617,-21
3618,-23
3619,-29
3620,-27
3621,-22
3622,-14
3623,-21
3624,-27
3625,-33
3626,-26
3627,-28
3628,-25
3629,-23
3630,-22
3631,-16
3632,-21
3633,-28
3634,-31
3635,-24
3636,-22
3637,-24
3638,-21
3639,-24
3640,-24
3641,-20
3642,-16
3643,-22
3644,-31
3645,-29
3646,-29
3647,-26
3648,-18
3649,-22
3650,-21
3651,-17
3652,-21
3653,-26
3654,-26
3655,-26
3656,-25
3657,-22
3658,-18
3659,-21
3660,-24
3661,-14
3662,-19
3663,-20
3664,-22
3665,-23
3666,-17
3667,-23
3668,-18
3669,-21
3670,-20
3671,-16
3672,-18
3673,-26
3674,-25
3675,-24
3676,-22
3677,-20
3678,-18
3679,-17
3680,-18
3681,-17
3682,-24
3683,-26
3684,-32
3685,-29
3686,-23
3687,-23
3688,-14
3689,-19
3690,-17
3691,-20
3692,-18
3693,-25
3694,-30
3695,-24
3696,-20
3697,-22
3698,-26
3699,-21
3700,-17
3701,-12
3702,-18
3703,-23
3704,-23
3705,-29
3706,-23
3707,-24
3708,-23
3709,-21
3710,-13
3711,-17
3712,-22
3713,-27
3714,-28
3715,-20
3716,-21
3717,-21
3718,-20
3719,-22
3720,-16
3721,-16
3722,-22
3723,-24
3724,-29
3725,-21
3726,-25
3727,-23
3728,-17
3729,-21
3730,-18
3731,-18
3732,-23
3733,-26
3734,-27
3735,-24
3736,-18
3737,-23
3738,-25
3739,-22
3740,-19
3741,-18
3742,-27
3743,-29
3744,-25
3745,-22
3746,-26
3747,-22
3748,-24
3749,-21
3750,-18
3751,-10
3752,-19
3753,-22
3754,-26
3755,-25
3756,-26
3757,-23
3758,-23
3759,-21
3760,-14
3761,-18
3762,-22
3763,-25
3764,-31
3765,-21
3766,-24
3767,-23
3768,-25
3769,-23
3770,-18
3771,-17
3772,-21
3773,-28
3774,-28
3775,-18
3776,-21
3777,-22
3778,-19
3779,-22
3780,-15
3781,-14
3782,-22
3783,-29
3784,-26
3785,-25
3786,-22
3787,-22
3788,-24
3789,-24
3790,-18
3791,-21
3792,-28
3793,-33
3794,-29
3795,-25
3796,-22
3797,-21
3798,-18
3799,-17
3800,-12
3801,-15
3802,-22
3803,-27
3804,-26
3805,-24
3806,-26
3807,-25
3808,-23
3809,-21
3810,-9
3811,-13
3812,-23
3813,-29
3814,-24
3815,-22
3816,-25
3817,-22
3818,-18
3819,-11
3820,-10
3821,-18
3822,-23
3823,-26
3824,-19
3825,-16
3826,-22
3827,-13
3828,-15
3829,-9
3830,-6
3831,-8
3832,-10
3833,-15
3834,-9
3835,-9
3836,-8
3837,-10
3838,-10
3839,-5
3840,-1
3841,-7
3842,-10
3843,-22
3844,-14
3845,-7
3846,-9
3847,-10
3848,-11
3849,-9
3850,-9
3851,-12
3852,-17
3853,-24
3854,-20
3855,-20
3856,-23
3857,-20
3858,-19
3859,-10
3860,-17
3861,-22
3862,-23
3863,-27
3864,-23
3865,-23
3866,-28
3867,-23
3868,-18
3869,-15
3870,-22
3871,-23
3872,-20
3873,-30
3874,-25
3875,-25
3876,-25
3877,-17
3878,-21
3879,-18
3880,-18
3881,-19
3882,-21
3883,-29
3884,-28
3885,-28
3886,-24
3887,-20
3888,-18
3889,-13
3890,-16
3891,-17
3892,-26
3893,-30
3894,-26
3895,-26
3896,-27
3897,-19
3898,-21
3899,-15
3900,-20
3901,-22
3902,-27
3903,-39
3904,-28
3905,-18
3906,-8
3907,18
3908,27
3909,45
3910,53
3911,64
3912,66
3913,71
3914,85
3915,81
3916,77
3917,73
3918,69
3919,67
3920,48
3921,24
3922,8
3923,-3
3924,-4
3925,-9
3926,-19
3927,-29
3928,-35
3929,-35
3930,-35
3931,-31
3932,-34
3933,-34
3934,-22
3935,-23
3936,-20
3937,-17
3938,-18
3939,-13
3940,-13
3941,-19
3942,-30
3943,-26
3944,-24
3945,-26
3946,-18
3947,-20
3948,-13
3949,-10
3950,-12
3951,-16
3952,-17
3953,-27
3954,-30
3955,-27
3956,-20
3957,-15
3958,-12
3959,-14
3960,-21
3961,-17
3962,-26
3963,-29
3964,-22
3965,-20
3966,-17
3967,-18
3968,-18
3969,-15
3970,-17
3971,-18
3972,-22
3973,-21
3974,-15
3975,-14
3976,-15
3977,-19
3978,-15
3979,-11
3980,-13
3981,-21
3982,-23
3983,-16
3984,-14
3985,-11
3986,-13
3987,-20
3988,-7
3989,-6
3990,-15
3991,-15
3992,-19
3993,-11
3994,-12
3995,-12
3996,-12
3997,-13
3998,-11
3999,-5
4000,-13
4001,-18
4002,-24
4003,-11
4004,-9
4005,-9
4006,-7
4007,-5
4008,-5
4009,2
4010,-3
4011,-10
4012,-15
4013,-10
4014,-13
4015,-1
4016,-6
4017,3
4018,10
4019,7
4020,4
4021,-3
4022,-3
4023,-3
4024,3
4025,8
4026,10
4027,12
4028,16
4029,15
4030,16
4031,14
4032,2
4033,5
4034,14
4035,13
4036,18
4037,13
4038,24
4039,28
4040,27
4041,18
4042,14
4043,25
4044,26
4045,25
4046,26
4047,27
4048,30
4049,29
4050,24
4051,20
4052,14
4053,19
4054,19
4055,23
4056,21
4057,20
4058,28
4059,23
4060,14
4061,6
4062,1
4063,4
4064,5
4065,3
4066,4
4067,-1
4068,4
4069,1
4070,-9
4071,-16
4072,-15
4073,-13
4074,-14
4075,-17
4076,-13
4077,-14
4078,-9
4079,-11
4080,-18
4081,-24
4082,-25
4083,-21
4084,-22
4085,-23
4086,-19
4087,-16
4088,-13
4089,-14
4090,-23
4091,-31
4092,-26
4093,-21
4094,-21
4095,-16
4096,-21
4097,-16
4098,-14
4099,-17
4100,-22
4101,-20
4102,-21
4103,-23
4104,-20
4105,-13
4106,-19
4107,-19
4108,-16
4109,-17
4110,-15
4111,-24
4112,-23
4113,-20
4114,-23
4115,-25
4116,-15
4117,-12
4118,-14
4119,-27
4120,-34
4121,-29
4122,-19
4123,-14
4124,-18
4125,-18
4126,-23
4127,-16
4128,-9
4129,-20
4130,-27
4131,-29
4132,-22
4133,-21
4134,-21
4135,-21
4136,-16
4137,-8
4138,-8
4139,-22
4140,-22
4141,-22
4142,-22
4143,-17
4144,-18
4145,-18
4146,-20
4147,-20
4148,-22
4149,-17
4150,-20
4151,-24
4152,-18
4153,-12
4154,-18
4155,-19
4156,-14
4157,-11
4158,-11
4159,-17
4160,-19
4161,-18
4162,-17
4163,-13
4164,-18
4165,-15
4166,-14
4167,-8
4168,-10
4169,-15
4170,-19
4171,-25
4172,-18
4173,-18
4174,-16
4175,-17
4176,-17
4177,-14
4178,-13
4179,-18
4180,-24
4181,-26
4182,-17
4183,-9
4184,-12
4185,-15
4186,-12
4187,-5
4188,-13
4189,-19
4190,-25
4191,-17
4192,-16
4193,-14
4194,-18
4195,-15
4196,-7
4197,-11
4198,-15
4199,-20
4200,-23
4201,-19
4202,-18
4203,-18
4204,-17
4205,-14
4206,-12
4207,-9
4208,-12
4209,-20
4210,-23
4211,-21
4212,-18
4213,-17
4214,-15
4215,-21
4216,-15
4217,-7
4218,-8
4219,-20
4220,-27
4221,-19
4222,-13
4223,-14
4224,-15
4225,-18
4226,-17
4227,-12
4228,-13
4229,-18
4230,-25
4231,-20
4232,-22
4233,-15
4234,-13
4235,-17
4236,-14
4237,-14
4238,-17
4239,-20
4240,-24
4241,-17
4242,-13
4243,-18
4244,-11
4245,-12
4246,-10
4247,-9
4248,-9
4249,-10
4250,-23
4251,-24
4252,-28
4253,-23
4254,-12
4255,-20
4256,-10
4257,-13
4258,-19
4259,-17
4260,-24
4261,-22
4262,-13
4263,-15
4264,-18
4265,-12
4266,-14
4267,-11
4268,-15
4269,-15
4270,-26
4271,-18
4272,-16
4273,-15
4274,-18
4275,-13
4276,-7
4277,-12
4278,-18
4279,-24
4280,-24
4281,-21
4282,-15
4283,-8
4284,-8
4285,-14
4286,-11
4287,-12
4288,-20
4289,-24
4290,-23
4291,-14
4292,-16
4293,-22
4294,-16
4295,-22
4296,-14
4297,-7
4298,-10
4299,-17
4300,-20
4301,-19
4302,-23
4303,-13
4304,-16
4305,-11
4306,-8
4307,-13
4308,-15
4309,-23
4310,-26
4311,-22
4312,-17
4313,-14
4314,-7
4315,-9
4316,-15
4317,-18
4318,-24
4319,-26
4320,-23
4321,-14
4322,-10
4323,-13
4324,-16
4325,-15
4326,-3
4327,-6
4328,-14
4329,-23
4330,-28
4331,-25
4332,-21
4333,-18
4334,-9
4335,-12
4336,-14
4337,-14
4338,-20
4339,-22
4340,-23
4341,-17
4342,-13
4343,-10
4344,-14
4345,-17
4346,-9
4347,-7
4348,-14
4349,-14
4350,-20
4351,-15
4352,-19
4353,-9
4354,-1
4355,-8
4356,-13
4357,-15
4358,-12
4359,-15
4360,-19
4361,-3
4362,0
4363,4
4364,5
4365,11
4366,5
4367,2
4368,-7
4369,-9
4370,-5
4371,-9
4372,-11
4373,-4
4374,-6
4375,-5
4376,1
4377,-7
4378,-14
4379,-12
4380,-17
4381,-11
4382,-11
4383,-11
4384,-7
4385,-6
4386,-11
4387,-19
4388,-23
4389,-24
4390,-18
4391,-21
4392,-21
4393,-21
4394,-17
4395,-13
4396,-14
4397,-14
4398,-17
4399,-27
4400,-20
4401,-12
4402,-14
4403,-20
4404,-21
4405,-13
4406,-18
4407,-18
4408,-21
4409,-21
4410,-17
4411,-17
4412,-15
4413,-22
4414,-25
4415,-16
4416,-15
4417,-20
4418,-15
4419,-26
4420,-21
4421,-16
4422,-14
4423,-21
4424,-18
4425,-16
4426,-13
4427,-14
4428,-18
4429,-24
4430,-28
4431,-30
4432,-27
4433,-25
4434,-17
4435,-5
4436,15
4437,32
4438,43
4439,37
4440,58
4441,76
4442,87
4443,90
4444,93
4445,102
4446,92
4447,80
4448,73
4449,52
4450,51
4451,37
4452,22
4453,15
4454,4
4455,1
4456,-7
4457,-26
4458,-38
4459,-34
4460,-26
4461,-25
4462,-21
4463,-20
4464,-21
4465,-14
4466,-14
4467,-17
4468,-23
4469,-27
4470,-23
4471,-24
4472,-18
4473,-17
4474,-23
4475,-11
4476,-11
4477,-20
4478,-26
4479,-26
4480,-17
4481,-17
4482,-16
4483,-18
4484,-22
4485,-18
4486,-14
4487,-19
4488,-21
4489,-21
4490,-15
4491,-20
4492,-22
4493,-24
4494,-18
4495,-7
4496,-16
4497,-19
4498,-22
4499,-21
4500,-12
4501,-19
4502,-24
4503,-23
4504,-16
4505,-12
4506,-8
4507,-17
4508,-20
4509,-24
4510,-16
4511,-17
4512,-17
4513,-15
4514,-10
4515,-9
4516,-10
4517,-16
4518,-24
4519,-14
4520,-13
4521,-16
4522,-18
4523,-16
4524,-6
4525,-6
4526,-9
4527,-17
4528,-18
4529,-12
4530,-14
4531,-10
4532,-13
4533,-7
4534,-2
4535,2
4536,0
4537,-10
4538,-12
4539,-8
4540,-9
4541,-9
4542,-6
4543,1
4544,1
4545,3
4546,4
4547,-1
4548,-9
4549,-1
4550,2
4551,5
4552,3
4553,3
4554,10
4555,17
4556,16
4557,16
4558,5
4559,12
4560,15
4561,14
4562,13
4563,12
4564,21
4565,22
4566,18
4567,16
4568,15
4569,20
4570,27
4571,31
4572,31
4573,31
4574,38
4575,32
4576,28
4577,23
4578,19
4579,27
4580,24
4581,28
4582,32
4583,30
4584,29
4585,26
4586,23
4587,18
4588,14
4589,14
4590,9
4591,11
4592,12
4593,12
4594,15
4595,9
4596,0
4597,-5
4598,-12
4599,-7
4600,-4
4601,-6
4602,-10
4603,-14
4604,-9
4605,-8
4606,-17
4607,-18
4608,-22
4609,-18
4610,-11
4611,-15
4612,-21
4613,-17
4614,-12
4615,-15
4616,-23
4617,-29
4618,-27
4619,-19
4620,-18
4621,-22
4622,-18
4623,-17
4624,-13
4625,-16
4626,-25
4627,-26
4628,-29
4629,-24
4630,-21
4631,-17
4632,-21
4633,-15
4634,-13
4635,-18
4636,-22
4637,-31
4638,-26
4639,-23
4640,-24
4641,-21
4642,-21
4643,-13
4644,-13
4645,-21
4646,-25
4647,-37
4648,-29
4649,-20
4650,-20
4651,-21
4652,-23
4653,-15
4654,-10
4655,-19
4656,-31
4657,-37
4658,-27
4659,-29
4660,-28
4661,-22
4662,-23
4663,-18
4664,-19
4665,-16
4666,-26
4667,-31
4668,-29
4669,-26
4670,-19
4671,-21
4672,-25
4673,-21
4674,-18
4675,-20
4676,-24
4677,-34
4678,-25
4679,-27
4680,-23
4681,-29
4682,-24
4683,-20
4684,-18
4685,-20
4686,-28
4687,-34
4688,-22
4689,-30
4690,-29
4691,-26
4692,-22
4693,-16
4694,-21
4695,-26
4696,-31
4697,-25
4698,-30
4699,-22
4700,-24
4701,-24
4702,-14
4703,-19
4704,-19
4705,-22
4706,-27
4707,-24
4708,-23
4709,-24
4710,-27
4711,-22
4712,-21
4713,-16
4714,-25
4715,-30
4716,-30
4717,-31
4718,-24
4719,-24
4720,-24
4721,-27
4722,-21
4723,-15
4724,-17
4725,-24
4726,-29
4727,-32
4728,-28
4729,-26
4730,-21
4731,-24
4732,-26
4733,-25
4734,-21
4735,-21
4736,-30
4737,-34
4738,-24
4739,-28
4740,-24
4741,-27
4742,-20
4743,-17
4744,-23
4745,-23
4746,-28
4747,-27
4748,-24
4749,-27
4750,-27
4751,-26
4752,-24
4753,-15
4754,-18
4755,-27
4756,-37
4757,-41
4758,-26
4759,-21
4760,-25
4761,-26
4762,-28
4763,-22
4764,-21
4765,-24
4766,-35
4767,-33
4768,-25
4769,-26
4770,-26
4771,-29
4772,-27
4773,-20
4774,-21
4775,-25
4776,-31
4777,-34
4778,-24
4779,-28
4780,-30
4781,-27
4782,-25
4783,-19
4784,-22
4785,-34
4786,-41
4787,-30
4788,-21
4789,-27
4790,-28
4791,-22
4792,-18
4793,-15
4794,-28
4795,-35
4796,-33
4797,-33
4798,-38
4799,-29
4800,-19
4801,-24
4802,-14
4803,-16
4804,-23
4805,-32
4806,-34
4807,-28
4808,-33
4809,-32
4810,-25
4811,-23
4812,-14
4813,-17
4814,-25
4815,-25
4816,-31
4817,-30
4818,-30
4819,-27
4820,-27
4821,-25
4822,-20
4823,-22
4824,-29
4825,-27
4826,-35
4827,-29
4828,-27
4829,-24
4830,-25
4831,-28
4832,-23
4833,-18
4834,-26
4835,-32
4836,-39
4837,-32
4838,-22
4839,-26
4840,-27
4841,-27
4842,-22
4843,-21
4844,-20
4845,-34
4846,-38
4847,-28
4848,-31
4849,-25
4850,-23
4851,-20
4852,-13
4853,-20
4854,-24
4855,-27
4856,-36
4857,-27
4858,-27
4859,-31
4860,-22
4861,-26
4862,-21
4863,-22
4864,-27
4865,-31
4866,-33
4867,-27
4868,-25
4869,-23
4870,-22
4871,-23
4872,-17
4873,-21
4874,-28
4875,-31
4876,-34
4877,-25
4878,-16
4879,-20
4880,-24
4881,-20
4882,-12
4883,-16
4884,-16
4885,-20
4886,-22
4887,-14
4888,-12
4889,-1
4890,3
4891,1
4892,-1
4893,-7
4894,-14
4895,-19
4896,-16
4897,-16
4898,-15
4899,-13
4900,-14
4901,-12
4902,-6
4903,-9
4904,-10
4905,-17
4906,-20
4907,-17
4908,-20
4909,-22
4910,-24
4911,-21
4912,-17
4913,-20
4914,-28
4915,-35
4916,-24
4917,-28
4918,-28
4919,-27
4920,-28
4921,-23
4922,-20
4923,-21
4924,-27
4925,-33
4926,-27
4927,-24
4928,-34
4929,-31
4930,-22
4931,-22
4932,-18
4933,-21
4934,-34
4935,-35
4936,-32
4937,-28
4938,-29
4939,-30
4940,-29
4941,-22
4942,-23
4943,-20
4944,-29
4945,-38
4946,-31
4947,-27
4948,-29
4949,-27
4950,-26
4951,-23
4952,-22
4953,-32
4954,-33
4955,-35
4956,-38
4957,-37
4958,-32
4959,-23
4960,-8
4961,21
4962,37
4963,42
4964,44
4965,55
4966,80
4967,86
4968,90
4969,87
4970,85
4971,85
4972,81
4973,63
4974,46
4975,25
4976,17
4977,7
4978,1
4979,-14
4980,-19
4981,-28
4982,-40
4983,-49
4984,-42
4985,-43
4986,-34
4987,-27
4988,-24
4989,-24
4990,-26
4991,-22
4992,-22
4993,-27
4994,-27
4995,-35
4996,-32
4997,-35
4998,-33
4999,-27
