0,43
1,64
2,98
3,128
4,153
5,165
6,186
7,159
8,116
9,103
10,112
11,115
12,114
13,131
14,114
15,63
16,26
17,-14
18,-26
19,-20
20,-27
21,12
22,40
23,32
24,20
25,26
26,9
27,-2
28,-22
29,-6
30,-1
31,-3
32,17
33,37
34,17
35,-10
36,-17
37,-27
38,-19
39,4
40,-16
41,-5
42,31
43,14
44,-1
45,9
46,-11
47,-57
48,-35
49,-23
50,-2
51,8
52,-7
53,37
54,31
55,19
56,-11
57,-24
58,-10
59,-11
60,7
61,24
62,43
63,38
64,42
65,11
66,27
67,0
68,-10
69,10
70,-5
71,-2
72,38
73,26
74,37
75,-6
76,13
77,-25
78,-17
79,-15
80,-14
81,15
82,29
83,31
84,36
85,7
86,-3
87,-14
88,-2
89,-10
90,19
91,-2
92,34
93,65
94,30
95,8
96,17
97,3
98,0
99,7
100,55
101,43
102,63
103,69
104,52
105,35
106,26
107,16
108,24
109,18
110,20
111,46
112,78
113,77
114,74
115,71
116,53
117,43
118,39
119,32
120,58
121,96
122,88
123,62
124,48
125,60
126,63
127,36
128,25
129,48
130,71
131,78
132,72
133,82
134,67
135,43
136,54
137,8
138,30
139,48
140,47
141,75
142,83
143,71
144,34
145,18
146,33
147,11
148,2
149,4
150,10
151,42
152,49
153,35
154,29
155,10
156,-12
157,-6
158,-7
159,6
160,4
161,21
162,31
163,26
164,20
165,21
166,-4
167,-16
168,-16
169,-18
170,6
171,34
172,28
173,37
174,5
175,-8
176,-18
177,-11
178,-12
179,-23
180,27
181,52
182,52
183,-9
184,9
185,5
186,-12
187,-24
188,-12
189,19
190,13
191,46
192,35
193,30
194,1
195,-1
196,-14
197,-35
198,-17
199,-5
200,-2
201,33
202,6
203,21
204,8
205,-3
206,-23
207,-14
208,-4
209,-4
210,21
211,24
212,38
213,21
214,19
215,-4
216,-39
217,-12
218,-15
219,4
220,16
221,43
222,49
223,23
224,7
225,12
226,-20
227,-24
228,-25
229,16
230,18
231,37
232,37
233,37
234,20
235,13
236,-27
237,-23
238,-13
239,25
240,-6
241,23
242,34
243,23
244,7
245,-9
246,-31
247,-9
248,-5
249,4
250,7
251,26
252,44
253,42
254,6
255,-6
256,3
257,-10
258,-2
259,14
260,38
261,18
262,15
263,19
264,10
265,3
266,-25
267,-24
268,9
269,25
270,13
271,50
272,63
273,23
274,-2
275,-8
276,-28
277,-28
278,-19
279,7
280,26
281,43
282,29
283,13
284,1
285,-18
286,-24
287,-38
288,-13
289,1
290,10
291,18
292,26
293,31
294,11
295,-1
296,14
297,-11
298,21
299,18
300,20
301,27
302,38
303,10
304,11
305,-30
306,-28
307,6
308,-8
309,27
310,34
311,62
312,30
313,4
314,1
315,-17
316,-18
317,4
318,-3
319,-2
320,19
321,22
322,12
323,6
324,9
325,-17
326,-19
327,-6
328,2
329,16
330,29
331,39
332,25
333,-5
334,13
335,-25
336,-42
337,-24
338,-10
339,-2
340,18
341,54
342,34
343,7
344,9
345,0
346,-10
347,-3
348,10
349,-1
350,22
351,41
352,24
353,18
354,22
355,5
356,-13
357,-35
358,-11
359,-3
360,55
361,40
362,36
363,8
364,-12
365,-32
366,-24
367,-10
368,8
369,11
370,37
371,44
372,17
373,5
374,-10
375,-26
376,-35
377,-18
378,8
379,11
380,-1
381,13
382,2
383,24
384,6
385,-22
386,18
387,-16
388,8
389,-4
390,51
391,55
392,34
393,9
394,0
395,5
396,-27
397,-9
398,-1
399,19
400,27
401,21
402,24
403,18
404,4
405,-3
406,-20
407,11
408,18
409,27
410,31
411,57
412,46
413,17
414,11
415,-6
416,-3
417,13
418,27
419,26
420,50
421,54
422,35
423,22
424,5
425,1
426,0
427,-1
428,12
429,39
430,38
431,38
432,31
433,9
434,22
435,-11
436,-13
437,-32
438,23
439,40
440,31
441,29
442,25
443,2
444,1
445,-22
446,-15
447,-11
448,13
449,24
450,33
451,24
452,16
453,25
454,-15
455,-51
456,-32
457,-22
458,7
459,10
460,28
461,0
462,20
463,-13
464,-12
465,-16
466,-14
467,-9
468,-8
469,12
470,23
471,18
472,-10
473,-26
474,-29
475,-32
476,-8
477,5
478,-9
479,35
480,38
481,28
482,42
483,18
484,11
485,-11
486,12
487,7
488,39
489,54
490,61
491,65
492,62
493,67
494,76
495,104
496,147
497,179
498,187
499,204
500,178
501,135
502,99
503,108
504,51
505,28
506,45
507,14
508,-21
509,1
510,11
511,20
512,-11
513,-21
514,-31
515,-15
516,-2
517,29
518,16
519,40
520,48
521,22
522,14
523,-1
524,-16
525,-4
526,-10
527,-8
528,14
529,23
530,35
531,31
532,11
533,-1
534,-26
535,-24
536,-26
537,3
538,0
539,41
540,41
541,20
542,21
543,-33
544,-28
545,4
546,-3
547,9
548,3
549,2
550,31
551,15
552,-5
553,-1
554,-37
555,-7
556,7
557,25
558,44
559,35
560,20
561,10
562,9
563,10
564,-15
565,-12
566,-25
567,1
568,10
569,41
570,56
571,37
572,17
573,-13
574,-35
575,2
576,9
577,37
578,42
579,36
580,58
581,10
582,6
583,1
584,2
585,8
586,26
587,30
588,49
589,45
590,51
591,41
592,16
593,16
594,5
595,10
596,37
597,19
598,60
599,64
600,69
601,51
602,17
603,8
604,5
605,9
606,32
607,54
608,76
609,89
610,66
611,62
612,76
613,59
614,38
615,50
616,66
617,77
618,95
619,87
620,102
621,81
622,63
623,56
624,42
625,61
626,60
627,53
628,84
629,79
630,57
631,69
632,47
633,7
634,19
635,18
636,37
637,38
638,57
639,55
640,34
641,40
642,7
643,-7
644,-7
645,-3
646,5
647,14
648,31
649,41
650,2
651,-2
652,-3
653,-13
654,-6
655,0
656,16
657,23
658,51
659,41
660,14
661,0
662,-10
663,-31
664,-15
665,16
666,10
667,27
668,52
669,33
670,45
671,29
672,0
673,-12
674,-5
675,0
676,-18
677,19
678,30
679,19
680,25
681,9
682,1
683,-10
684,-27
685,-14
686,13
687,13
688,30
689,30
690,14
691,6
692,0
693,-17
694,-28
695,-12
696,-4
697,-6
698,22
699,30
700,6
701,5
702,2
703,-8
704,1
705,-16
706,12
707,6
708,33
709,26
710,61
711,19
712,-5
713,-21
714,-8
715,8
716,8
717,19
718,58
719,56
720,57
721,12
722,-21
723,-12
724,-31
725,-14
726,-9
727,25
728,45
729,53
730,15
731,12
732,-1
733,-22
734,-15
735,10
736,8
737,2
738,34
739,40
740,7
741,9
742,-6
743,-11
744,-1
745,-12
746,3
747,12
748,26
749,26
750,29
751,1
752,2
753,-12
754,-7
755,-13
756,7
757,29
758,49
759,16
760,31
761,6
762,5
763,-13
764,-21
765,-3
766,13
767,9
768,39
769,55
770,31
771,6
772,-3
773,-26
774,-26
775,5
776,6
777,19
778,38
779,37
780,10
781,3
782,-22
783,-19
784,-9
785,-14
786,8
787,47
788,34
789,31
790,4
791,-8
792,-14
793,-11
794,-2
795,-13
796,14
797,37
798,61
799,49
800,21
801,8
802,-25
803,-11
804,-29
805,-3
806,21
807,54
808,53
809,40
810,-18
811,-28
812,-18
813,-14
814,-9
815,-10
816,-10
817,39
818,44
819,24
820,24
821,7
822,-21
823,-16
824,-22
825,2
826,21
827,27
828,36
829,22
830,14
831,12
832,-29
833,-18
834,-14
835,12
836,16
837,23
838,10
839,15
840,16
841,-9
842,-33
843,-13
844,20
845,33
846,15
847,38
848,37
849,34
850,14
851,-2
852,-16
853,-7
854,-23
855,-9
856,1
857,60
858,8
859,28
860,0
861,1
862,5
863,-3
864,-10
865,13
866,15
867,41
868,41
869,27
870,25
871,9
872,-28
873,-17
874,1
875,25
876,37
877,52
878,45
879,41
880,12
881,3
882,-5
883,3
884,40
885,32
886,40
887,59
888,55
889,31
890,32
891,-5
892,-18
893,-10
894,6
895,25
896,59
897,73
898,66
899,18
900,4
901,-8
902,-46
903,-14
904,-5
905,9
906,17
907,9
908,34
909,5
910,-9
911,-26
912,-8
913,-18
914,10
915,5
916,20
917,37
918,37
919,22
920,0
921,-19
922,-16
923,-26
924,-12
925,12
926,44
927,22
928,33
929,-7
930,-20
931,-36
932,-52
933,-41
934,2
935,12
936,46
937,31
938,37
939,16
940,11
941,-36
942,-35
943,-7
944,-3
945,17
946,36
947,35
948,27
949,8
950,13
951,-16
952,-10
953,-13
954,2
955,21
956,39
957,59
958,62
959,66
960,71
961,83
962,117
963,101
964,140
965,129
966,156
967,127
968,100
969,111
970,94
971,40
972,46
973,33
974,-16
975,-33
976,5
977,3
978,-11
979,3
980,-3
981,-31
982,-30
983,-17
984,8
985,30
986,12
987,39
988,11
989,31
990,28
991,-36
992,-44
993,-15
994,30
995,4
996,50
997,35
998,6
999,-15
1000,11
1001,-15
1002,-13
1003,-13
1004,1
1005,18
1006,39
1007,29
1008,34
1009,10
1010,-28
1011,-25
1012,-18
1013,-23
1014,42
1015,27
1016,44
1017,44
1018,-3
1019,-9
1020,1
1021,-39
1022,-12
1023,2
1024,19
1025,34
1026,38
1027,32
1028,31
1029,17
1030,2
1031,-23
1032,-24
1033,-4
1034,30
1035,36
1036,28
1037,56
1038,42
1039,24
1040,-12
1041,-8
1042,0
1043,-35
1044,0
1045,43
1046,65
1047,21
1048,23
1049,17
1050,-6
1051,-23
1052,20
1053,40
1054,48
1055,58
1056,70
1057,59
1058,52
1059,36
1060,-5
1061,-2
1062,14
1063,42
1064,38
1065,46
1066,79
1067,81
1068,67
1069,38
1070,36
1071,7
1072,42
1073,55
1074,77
1075,77
1076,56
1077,79
1078,74
1079,61
1080,33
1081,35
1082,47
1083,73
1084,72
1085,80
1086,96
1087,108
1088,83
1089,52
1090,48
1091,43
1092,53
1093,72
1094,58
1095,68
1096,84
1097,78
1098,58
1099,47
1100,-7
1101,16
1102,23
1103,35
1104,39
1105,55
1106,58
1107,38
1108,30
1109,27
1110,-19
1111,-11
1112,-15
1113,8
1114,25
1115,40
1116,45
1117,34
1118,10
1119,-6
1120,-40
1121,-30
1122,-6
1123,-2
1124,3
1125,34
1126,54
1127,59
1128,22
1129,5
1130,-20
1131,-13
1132,-11
1133,-12
1134,20
1135,35
1136,5
1137,31
1138,12
1139,-4
1140,-23
1141,-20
1142,-7
1143,10
1144,1
1145,42
1146,38
1147,17
1148,2
1149,-2
1150,-31
1151,-7
1152,-20
1153,-4
1154,-12
1155,20
1156,24
1157,28
1158,18
1159,-17
1160,1
1161,-22
1162,-34
1163,4
1164,10
1165,33
1166,31
1167,-6
1168,-9
1169,-4
1170,-29
1171,-5
1172,19
1173,43
1174,12
1175,24
1176,37
1177,10
1178,21
1179,-3
1180,-20
1181,-17
1182,-10
1183,-13
1184,22
1185,41
1186,18
1187,47
1188,17
1189,14
1190,6
1191,-27
1192,-42
1193,-33
1194,4
1195,58
1196,57
1197,16
1198,29
1199,-8
1200,-17
1201,-21
1202,-12
1203,21
1204,31
1205,20
1206,20
1207,12
1208,-1
1209,2
1210,-5
1211,-7
1212,21
1213,1
1214,28
1215,32
1216,33
1217,3
1218,-3
1219,-18
1220,2
1221,-4
1222,-10
1223,16
1224,27
1225,13
1226,18
1227,11
1228,-1
1229,-17
1230,-14
1231,-4
1232,20
1233,3
1234,32
1235,41
1236,36
1237,22
1238,-11
1239,-15
1240,-27
1241,-25
1242,21
1243,35
1244,38
1245,38
1246,32
1247,-20
1248,-17
1249,-33
1250,-33
1251,6
1252,5
1253,26
1254,15
1255,26
1256,25
1257,4
1258,10
1259,-28
1260,-3
1261,-9
1262,-28
1263,-2
1264,36
1265,34
1266,8
1267,13
1268,6
1269,-15
1270,-20
1271,-13
1272,-15
1273,3
1274,49
1275,55
1276,53
1277,30
1278,4
1279,1
1280,-14
1281,1
1282,25
1283,0
1284,41
1285,81
1286,59
1287,44
1288,14
1289,-21
1290,4
1291,10
1292,39
1293,22
1294,35
1295,39
1296,37
1297,16
1298,2
1299,-22
1300,-27
1301,-1
1302,25
1303,21
1304,44
1305,40
1306,19
1307,10
1308,14
1309,-36
1310,-50
1311,-27
1312,-16
1313,-16
1314,32
1315,4
1316,25
1317,10
1318,14
1319,-32
1320,-27
1321,3
1322,31
1323,23
1324,27
1325,38
1326,10
1327,-6
1328,-15
1329,-41
1330,-25
1331,-11
1332,15
1333,23
1334,38
1335,37
1336,19
1337,-5
1338,-38
1339,-43
1340,-29
1341,-12
1342,4
1343,30
1344,63
1345,45
1346,22
1347,14
1348,-47
1349,-52
1350,-41
1351,-32
1352,1
1353,26
1354,55
1355,39
1356,31
1357,-2
1358,-27
1359,-19
1360,-17
1361,-1
1362,56
1363,47
1364,77
1365,118
1366,119
1367,147
1368,120
1369,139
1370,152
1371,128
1372,131
1373,130
1374,131
1375,124
1376,92
1377,64
1378,41
1379,-1
1380,-37
1381,-32
1382,-15
1383,8
1384,29
1385,45
1386,17
1387,-10
1388,-15
1389,-33
1390,-31
1391,-10
1392,25
1393,18
1394,33
1395,12
1396,-5
1397,-13
1398,-39
1399,-24
1400,-9
1401,11
1402,27
1403,26
1404,14
1405,14
1406,-13
1407,5
1408,-6
1409,-12
1410,-10
1411,-9
1412,16
1413,28
1414,33
1415,28
1416,24
1417,-4
1418,-26
1419,-4
1420,-16
1421,5
1422,10
1423,39
1424,47
1425,29
1426,39
1427,18
1428,-15
1429,-6
1430,-9
1431,-11
1432,7
1433,37
1434,42
1435,18
1436,5
1437,9
1438,-24
1439,-43
1440,-2
1441,13
1442,16
1443,49
1444,37
1445,25
1446,16
1447,-7
1448,-23
1449,-20
1450,-2
1451,8
1452,20
1453,58
1454,44
1455,51
1456,34
1457,28
1458,-3
1459,38
1460,7
1461,7
1462,40
1463,60
1464,68
1465,48
1466,32
1467,23
1468,6
1469,3
1470,20
1471,43
1472,49
1473,57
1474,70
1475,64
1476,45
1477,33
1478,22
1479,48
1480,49
1481,80
1482,66
1483,76
1484,94
1485,87
1486,74
1487,52
1488,33
1489,65
1490,51
1491,46
1492,78
1493,86
1494,86
1495,78
1496,56
1497,55
1498,58
1499,32
1500,40
1501,62
1502,42
1503,64
1504,75
1505,57
1506,45
1507,27
1508,4
1509,6
1510,24
1511,44
1512,39
1513,61
1514,32
1515,21
1516,-13
1517,-21
1518,4
1519,-5
1520,6
1521,29
1522,43
1523,47
1524,35
1525,37
1526,12
1527,-15
1528,-24
1529,-29
1530,3
1531,12
1532,22
1533,55
1534,43
1535,11
1536,10
1537,-1
1538,-25
1539,-23
1540,16
1541,-5
1542,8
1543,34
1544,39
1545,5
1546,-2
1547,0
1548,0
1549,12
1550,1
1551,5
1552,45
1553,42
1554,27
1555,7
1556,-11
1557,-15
1558,5
1559,-29
1560,-10
1561,-4
1562,19
1563,38
1564,51
1565,23
1566,-2
1567,-16
1568,-13
1569,-26
1570,-1
1571,6
1572,29
1573,17
1574,14
1575,20
1576,12
1577,-15
1578,-18
1579,3
1580,15
1581,12
1582,47
1583,32
1584,44
1585,18
1586,8
1587,-10
1588,-14
1589,-15
1590,-13
1591,24
1592,46
1593,48
1594,32
1595,8
1596,3
1597,-11
1598,-33
1599,-10
1600,22
1601,14
1602,55
1603,34
1604,12
1605,25
1606,1
1607,-16
1608,-23
1609,-10
1610,16
1611,31
1612,26
1613,61
1614,30
1615,-17
1616,14
1617,-35
1618,-5
1619,6
1620,15
1621,19
1622,38
1623,37
1624,34
1625,17
1626,-4
1627,2
1628,10
1629,-10
1630,-8
1631,15
1632,56
1633,22
1634,26
1635,16
1636,21
1637,-27
1638,-22
1639,-12
1640,-9
1641,41
1642,48
1643,45
1644,26
1645,5
1646,-9
1647,1
1648,-26
1649,9
1650,-2
1651,37
1652,34
1653,47
1654,44
1655,-11
1656,1
1657,-35
1658,-36
1659,-12
1660,9
1661,31
1662,41
1663,36
1664,23
1665,23
1666,-12
1667,-2
1668,0
1669,-8
1670,3
1671,23
1672,46
1673,26
1674,33
1675,31
1676,-3
1677,-31
1678,-20
1679,4
1680,-5
1681,24
1682,36
1683,43
1684,25
1685,1
1686,-22
1687,6
1688,3
1689,9
1690,35
1691,60
1692,66
1693,68
1694,54
1695,34
1696,5
1697,16
1698,16
1699,21
1700,31
1701,35
1702,43
1703,48
1704,11
1705,5
1706,11
1707,25
1708,33
1709,-5
1710,17
1711,50
1712,32
1713,44
1714,17
1715,-6
1716,-40
1717,-16
1718,-11
1719,-11
1720,21
1721,7
1722,25
1723,31
1724,-14
1725,18
1726,-23
1727,-7
1728,-21
1729,-11
1730,7
1731,35
1732,45
1733,26
1734,18
1735,16
1736,-14
1737,-17
1738,-1
1739,1
1740,15
1741,25
1742,33
1743,19
1744,-2
1745,3
1746,-35
1747,-22
1748,-24
1749,17
1750,17
1751,42
1752,17
1753,18
1754,-20
1755,-6
1756,-40
1757,-33
1758,-8
1759,9
1760,20
1761,3
1762,35
1763,36
1764,36
1765,37
1766,11
1767,-40
1768,-6
1769,8
1770,33
1771,50
1772,72
1773,91
1774,82
1775,98
1776,121
1777,145
1778,159
1779,203
1780,150
1781,176
1782,149
1783,136
1784,132
1785,94
1786,65
1787,62
1788,37
1789,18
1790,-10
1791,0
1792,3
1793,16
1794,-10
1795,-6
1796,-22
1797,-23
1798,-24
1799,-3
1800,5
1801,13
1802,25
1803,-7
1804,-14
1805,8
1806,-5
1807,-12
1808,-15
1809,2
1810,23
1811,9
1812,47
1813,34
1814,-7
1815,-2
1816,-16
1817,2
1818,-6
1819,20
1820,24
1821,18
1822,32
1823,27
1824,6
1825,-6
1826,-22
1827,-26
1828,-15
1829,28
1830,29
1831,54
1832,48
1833,30
1834,11
1835,-19
1836,-28
1837,-10
1838,-22
1839,-11
1840,13
1841,31
1842,40
1843,6
1844,-6
1845,-24
1846,-12
1847,-2
1848,-28
1849,2
1850,31
1851,28
1852,29
1853,23
1854,38
1855,10
1856,-16
1857,13
1858,15
1859,16
1860,40
1861,48
1862,55
1863,28
1864,17
1865,1
1866,5
1867,11
1868,17
1869,35
1870,66
1871,50
1872,49
1873,33
1874,25
1875,10
1876,7
1877,26
1878,26
1879,25
1880,55
1881,59
1882,47
1883,61
1884,55
1885,7
1886,4
1887,16
1888,40
1889,52
1890,72
1891,86
1892,77
1893,64
1894,61
1895,46
1896,25
1897,37
1898,77
1899,77
1900,112
1901,101
1902,80
1903,76
1904,56
1905,37
1906,57
1907,67
1908,70
1909,65
1910,88
1911,74
1912,73
1913,51
1914,34
1915,3
1916,18
1917,4
1918,29
1919,28
1920,32
1921,42
1922,41
1923,31
1924,13
1925,-33
1926,-31
1927,1
1928,13
1929,5
1930,43
1931,12
1932,22
1933,1
1934,-11
1935,-24
1936,-15
1937,-12
1938,17
1939,31
1940,56
1941,54
1942,33
1943,30
1944,-4
1945,-36
1946,-19
1947,-3
1948,17
1949,29
1950,55
1951,43
1952,40
1953,51
1954,-18
1955,-12
1956,-11
1957,-25
1958,3
1959,16
1960,22
1961,20
1962,23
1963,12
1964,-6
1965,-18
1966,-20
1967,-3
1968,12
1969,10
1970,4
1971,7
1972,23
1973,-1
1974,-8
1975,-19
1976,-30
1977,1
1978,10
1979,35
1980,40
1981,19
1982,-8
1983,-5
1984,-9
1985,-5
1986,-22
1987,2
1988,17
1989,21
1990,51
1991,49
1992,14
1993,11
1994,-11
1995,4
1996,6
1997,14
1998,6
1999,19
2000,29
2001,24
2002,0
2003,-1
2004,-42
2005,-10
2006,-8
2007,-6
2008,23
2009,38
2010,15
2011,21
2012,24
2013,-2
2014,-24
2015,-23
2016,-9
2017,-7
2018,8
2019,37
2020,38
2021,26
2022,10
2023,13
2024,-18
2025,-6
2026,-1
2027,21
2028,7
2029,39
2030,41
2031,39
2032,9
2033,7
2034,-26
2035,-10
2036,-1
2037,0
2038,6
2039,48
2040,14
2041,20
2042,4
2043,10
2044,0
2045,-32
2046,-2
2047,-5
2048,11
2049,44
2050,55
2051,29
2052,-1
2053,-20
2054,-5
2055,-17
2056,-39
2057,6
2058,5
2059,48
2060,38
2061,12
2062,12
2063,0
2064,4
2065,-27
2066,-4
2067,13
2068,8
2069,21
2070,37
2071,11
2072,3
2073,15
2074,-20
2075,-25
2076,-5
2077,22
2078,11
2079,24
2080,39
2081,15
2082,8
2083,-20
2084,-9
2085,-1
2086,-18
2087,1
2088,6
2089,42
2090,46
2091,12
2092,6
2093,16
2094,-5
2095,-33
2096,-26
2097,0
2098,-8
2099,35
2100,23
2101,26
2102,24
2103,2
2104,-35
2105,-28
2106,-7
2107,14
2108,20
2109,26
2110,7
2111,24
2112,0
2113,-9
2114,5
2115,7
2116,3
2117,14
2118,39
2119,22
2120,59
2121,5
2122,-18
2123,-42
2124,-4
2125,-27
2126,-24
2127,6
2128,17
2129,35
2130,25
2131,11
2132,-12
2133,-26
2134,-37
2135,-31
2136,5
2137,23
2138,50
2139,18
2140,10
2141,38
2142,14
2143,-13
2144,-8
2145,-27
2146,-12
2147,12
2148,21
2149,33
2150,21
2151,4
2152,-4
2153,-34
2154,-30
2155,-13
2156,12
2157,19
2158,32
2159,34
2160,38
2161,-9
2162,13
2163,-14
2164,-15
2165,-9
2166,5
2167,25
2168,41
2169,29
2170,37
2171,16
2172,28
2173,-6
2174,-1
2175,7
2176,29
2177,25
2178,60
2179,60
2180,42
2181,44
2182,36
2183,-6
2184,-27
2185,-2
2186,14
2187,33
2188,53
2189,43
2190,32
2191,-5
2192,20
2193,-8
2194,-10
2195,-1
2196,27
2197,-10
2198,33
2199,53
2200,36
2201,-9
2202,8
2203,-14
2204,-13
2205,-27
2206,7
2207,6
2208,1
2209,22
2210,22
2211,4
2212,-12
2213,-19
2214,-40
2215,-11
2216,5
2217,22
2218,42
2219,36
2220,42
2221,-1
2222,-11
2223,-48
2224,-25
2225,2
2226,-2
2227,-10
2228,7
2229,30
2230,16
2231,11
2232,-7
2233,-16
2234,-12
2235,-7
2236,5
2237,2
2238,22
2239,20
2240,7
2241,10
2242,6
2243,-10
2244,-7
2245,2
2246,-3
2247,20
2248,51
2249,78
2250,48
2251,40
2252,28
2253,57
2254,84
2255,118
2256,151
2257,182
2258,200
2259,185
2260,168
2261,129
2262,109
2263,78
2264,88
2265,76
2266,54
2267,59
2268,38
2269,-1
2270,10
2271,-25
2272,-13
2273,-21
2274,-28
2275,-10
2276,10
2277,25
2278,45
2279,23
2280,-1
2281,6
2282,-36
2283,-22
2284,-6
2285,-6
2286,20
2287,31
2288,22
2289,20
2290,3
2291,15
2292,-6
2293,-19
2294,-47
2295,1
2296,26
2297,30
2298,36
2299,4
2300,9
2301,0
2302,-18
2303,-24
2304,-15
2305,9
2306,5
2307,29
2308,9
2309,28
2310,18
2311,6
2312,-8
2313,-18
2314,-22
2315,8
2316,23
2317,30
2318,31
2319,15
2320,8
2321,-1
2322,-31
2323,-21
2324,-8
2325,15
2326,20
2327,47
2328,35
2329,43
2330,31
2331,15
2332,-34
2333,-8
2334,-29
2335,-18
2336,38
2337,50
2338,-2
2339,31
2340,15
2341,12
2342,-20
2343,6
2344,0
2345,14
2346,32
2347,61
2348,55
2349,42
2350,23
2351,21
2352,11
2353,5
2354,4
2355,32
2356,48
2357,60
2358,62
2359,63
2360,28
2361,5
2362,-1
2363,16
2364,34
2365,48
2366,59
2367,90
2368,94
2369,76
2370,69
2371,54
2372,54
2373,40
2374,43
2375,40
2376,66
2377,79
2378,107
2379,97
2380,77
2381,60
2382,17
2383,15
2384,42
2385,52
2386,67
2387,96
2388,91
2389,72
2390,30
2391,31
2392,32
2393,11
2394,31
2395,30
2396,40
2397,60
2398,51
2399,33
2400,22
2401,13
2402,0
2403,-1
2404,4
2405,4
2406,32
2407,52
2408,35
2409,6
2410,8
2411,3
2412,7
2413,14
2414,20
2415,16
2416,7
2417,38
2418,45
2419,29
2420,11
2421,5
2422,-27
2423,-16
2424,8
2425,10
2426,21
2427,24
2428,22
2429,28
2430,-2
2431,11
2432,-14
2433,-9
2434,-31
2435,3
2436,11
2437,10
2438,38
2439,19
2440,-34
2441,-43
2442,-17
2443,-17
2444,1
2445,5
2446,24
2447,29
2448,22
2449,2
2450,-8
2451,-13
2452,-17
2453,-17
2454,26
2455,30
2456,43
2457,53
2458,56
2459,17
2460,9
2461,-5
2462,-5
2463,-5
2464,7
2465,18
2466,16
2467,33
2468,4
2469,12
2470,-4
2471,-8
2472,-5
2473,-40
2474,7
2475,21
2476,43
2477,16
2478,31
2479,30
2480,-3
2481,-25
2482,-40
2483,-28
2484,5
2485,10
2486,34
2487,29
2488,33
2489,27
2490,28
2491,-21
2492,-21
2493,-21
2494,-12
2495,7
2496,38
2497,25
2498,35
2499,21
2500,33
2501,2
2502,-11
2503,-3
2504,24
2505,14
2506,34
2507,60
2508,36
2509,28
2510,-7
2511,-35
2512,-25
2513,3
2514,4
2515,12
2516,53
2517,66
2518,35
2519,21
2520,-20
2521,-7
2522,-32
2523,-10
2524,13
2525,-6
2526,10
2527,49
2528,34
2529,4
2530,-5
2531,-33
2532,-28
2533,-12
2534,-6
2535,15
2536,56
2537,36
2538,15
2539,5
2540,-3
2541,-13
2542,-27
2543,-8
2544,-3
2545,33
2546,52
2547,31
2548,51
2549,11
2550,12
2551,-24
2552,-23
2553,10
2554,23
2555,17
2556,22
2557,13
2558,2
2559,27
2560,1
2561,-16
2562,1
2563,15
2564,14
2565,19
2566,32
2567,32
2568,0
2569,7
2570,6
2571,-37
2572,-19
2573,-4
2574,5
2575,11
2576,13
2577,17
2578,18
2579,9
2580,-17
2581,-24
2582,-23
2583,2
2584,20
2585,26
2586,48
2587,31
2588,31
2589,30
2590,-29
2591,-46
2592,-13
2593,15
2594,1
2595,29
2596,41
2597,44
2598,19
2599,16
2600,-18
2601,-11
2602,-22
2603,10
2604,15
2605,16
2606,41
2607,35
2608,20
2609,11
2610,-17
2611,-18
2612,-22
2613,-6
2614,12
2615,45
2616,35
2617,-5
2618,20
2619,-8
2620,-41
2621,-48
2622,-16
2623,-4
2624,-2
2625,32
2626,40
2627,28
2628,10
2629,-4
2630,-22
2631,-8
2632,1
2633,0
2634,33
2635,16
2636,34
2637,36
2638,26
2639,8
2640,-29
2641,-11
2642,-12
2643,-10
2644,13
2645,55
2646,35
2647,25
2648,27
2649,-3
2650,-6
2651,10
2652,1
2653,-11
2654,21
2655,58
2656,30
2657,22
2658,-3
2659,0
2660,-25
2661,-28
2662,-9
2663,-3
2664,7
2665,34
2666,33
2667,3
2668,1
2669,-25
2670,-22
2671,-11
2672,-18
2673,-5
2674,2
2675,25
2676,31
2677,28
2678,19
2679,8
2680,0
2681,-4
2682,-6
2683,20
2684,34
2685,42
2686,53
2687,48
2688,16
2689,12
2690,17
2691,6
2692,23
2693,47
2694,36
2695,54
2696,59
2697,52
2698,20
2699,20
2700,11
2701,20
2702,13
2703,15
2704,30
2705,54
2706,39
2707,21
2708,16
2709,6
2710,-26
2711,-14
2712,-6
2713,5
2714,15
2715,26
2716,30
2717,-3
2718,16
2719,-36
2720,-37
2721,-13
2722,-3
2723,26
2724,47
2725,37
2726,33
2727,17
2728,-2
2729,-32
2730,-21
2731,4
2732,8
2733,11
2734,-11
2735,19
2736,28
2737,16
2738,26
2739,4
2740,-15
2741,-14
2742,-9
2743,2
2744,22
2745,19
2746,23
2747,7
2748,4
2749,-23
2750,-28
2751,-28
2752,-8
2753,4
2754,-2
2755,26
2756,37
2757,25
2758,-5
2759,-16
2760,-8
2761,-6
2762,14
2763,45
2764,56
2765,42
2766,63
2767,48
2768,40
2769,47
2770,86
2771,109
2772,138
2773,162
2774,206
2775,216
2776,165
2777,148
2778,127
2779,69
2780,104
2781,78
2782,75
2783,70
2784,47
2785,34
2786,19
2787,-7
2788,-12
2789,-19
2790,-23
2791,-19
2792,-9
2793,-1
2794,27
2795,18
2796,-1
2797,-3
2798,4
2799,-50
2800,-18
2801,-15
2802,-15
2803,9
2804,35
2805,28
2806,37
2807,20
2808,20
2809,3
2810,-28
2811,-11
2812,7
2813,10
2814,50
2815,33
2816,33
2817,12
2818,4
2819,-16
2820,-7
2821,-25
2822,17
2823,25
2824,27
2825,26
2826,26
2827,11
2828,-10
2829,-20
2830,-24
2831,-19
2832,15
2833,23
2834,35
2835,50
2836,20
2837,12
2838,-3
2839,-23
2840,-25
2841,-12
2842,3
2843,13
2844,40
2845,36
2846,14
2847,8
2848,8
2849,0
2850,6
2851,10
2852,12
2853,19
2854,62
2855,42
2856,38
2857,4
2858,19
2859,-11
2860,-1
2861,5
2862,23
2863,57
2864,35
2865,50
2866,27
2867,45
2868,11
2869,10
2870,28
2871,29
2872,39
2873,39
2874,67
2875,64
2876,74
2877,58
2878,15
2879,-4
2880,14
2881,31
2882,40
2883,61
2884,84
2885,87
2886,74
2887,40
2888,28
2889,26
2890,26
2891,58
2892,68
2893,96
2894,91
2895,81
2896,84
2897,70
2898,46
2899,41
2900,46
2901,66
2902,81
2903,100
2904,97
2905,65
2906,66
2907,57
2908,33
2909,23
2910,17
2911,37
2912,28
2913,54
2914,62
2915,72
2916,39
2917,19
2918,9
2919,5
2920,-11
2921,13
2922,21
2923,50
2924,52
2925,39
2926,30
2927,-1
2928,-17
2929,-36
2930,-23
2931,-6
2932,4
2933,27
2934,16
2935,27
2936,15
2937,15
2938,-3
2939,-5
2940,-1
2941,16
2942,21
2943,37
2944,49
2945,30
2946,4
2947,7
2948,-14
2949,-19
2950,-13
2951,11
2952,25
2953,32
2954,38
2955,37
2956,4
2957,15
2958,-41
2959,-29
2960,-1
2961,6
2962,13
2963,51
2964,44
2965,23
2966,-1
2967,-18
2968,-34
2969,-36
2970,-5
2971,0
2972,11
2973,26
2974,21
2975,15
2976,-5
2977,10
2978,-37
2979,-32
2980,-4
2981,9
2982,10
2983,55
2984,65
2985,51
2986,10
2987,-7
2988,-35
2989,-14
2990,11
2991,7
2992,14
2993,47
2994,29
2995,21
2996,12
2997,8
2998,-1
2999,-9
3000,-8
3001,8
3002,15
3003,27
3004,37
3005,22
3006,13
3007,2
3008,-22
3009,-14
3010,-1
3011,12
3012,39
3013,55
3014,24
3015,16
3016,-17
3017,2
3018,0
3019,-23
3020,-5
3021,27
3022,36
3023,28
3024,32
3025,24
3026,-17
3027,-2
3028,-24
3029,-1
3030,-7
3031,28
3032,13
3033,31
3034,25
3035,39
3036,17
3037,-9
3038,-20
3039,2
3040,5
3041,10
3042,21
3043,42
3044,30
3045,12
3046,3
3047,-8
3048,-30
3049,-2
3050,9
3051,25
3052,46
3053,64
3054,24
3055,26
3056,3
3057,-31
3058,-47
3059,-20
3060,10
3061,21
3062,19
3063,14
3064,13
3065,19
3066,0
3067,9
3068,-18
3069,-13
3070,16
3071,27
3072,31
3073,20
3074,21
3075,-1
3076,7
3077,-24
3078,-39
3079,-21
3080,2
3081,30
3082,58
3083,45
3084,18
3085,19
3086,-24
3087,8
3088,-15
3089,0
3090,15
3091,55
3092,41
3093,30
3094,14
3095,10
3096,8
3097,-17
3098,-12
3099,-9
3100,-4
3101,10
3102,30
3103,26
3104,33
3105,4
3106,-18
3107,-35
3108,-11
3109,9
3110,2
3111,14
3112,20
3113,11
3114,32
3115,29
3116,-5
3117,-41
3118,-2
3119,2
3120,6
3121,15
3122,59
3123,28
3124,39
3125,-1
3126,0
3127,-26
3128,-19
3129,-6
3130,17
3131,33
3132,61
3133,40
3134,-6
3135,-10
3136,-1
3137,-20
3138,-5
3139,-6
3140,16
3141,37
3142,51
3143,40
3144,12
3145,-9
3146,-5
3147,-30
3148,-26
3149,-18
3150,6
3151,2
3152,37
3153,39
3154,-3
3155,4
3156,14
3157,-2
3158,-27
3159,-14
3160,-1
3161,27
3162,38
3163,19
3164,21
3165,7
3166,-9
3167,-13
3168,-16
3169,-21
3170,11
3171,30
3172,48
3173,63
3174,41
3175,19
3176,13
3177,-34
3178,-16
3179,-28
3180,12
3181,40
3182,60
3183,36
3184,-1
3185,8
3186,11
3187,9
3188,-14
3189,-15
3190,21
3191,33
3192,52
3193,55
3194,41
3195,29
3196,7
3197,6
3198,8
3199,29
3200,25
3201,39
3202,42
3203,42
3204,30
3205,18
3206,1
3207,-5
3208,-9
3209,14
3210,7
3211,41
3212,39
3213,24
3214,36
3215,-1
3216,-39
3217,-29
3218,-34
3219,-2
3220,3
3221,37
3222,51
3223,15
3224,18
3225,9
3226,0
3227,-13
3228,-17
3229,12
3230,20
3231,18
3232,19
3233,4
3234,-15
3235,8
3236,-30
3237,-33
3238,-6
3239,12
3240,7
3241,40
3242,30
3243,20
3244,-7
3245,-7
3246,-27
3247,-7
3248,-12
3249,13
3250,10
3251,35
3252,26
3253,44
3254,4
3255,-13
3256,-23
3257,-25
3258,-15
3259,-2
3260,6
3261,39
3262,49
3263,2
3264,25
3265,25
3266,-9
3267,-3
3268,22
3269,52
3270,96
3271,137
3272,173
3273,171
3274,177
3275,185
3276,130
3277,99
3278,84
3279,98
3280,110
3281,123
3282,99
3283,75
3284,17
3285,-15
3286,-48
3287,-42
3288,-29
3289,-18
3290,12
3291,42
3292,33
3293,12
3294,19
3295,-2
3296,-33
3297,-20
3298,-16
3299,-3
3300,9
3301,22
3302,34
3303,11
3304,20
3305,-7
3306,-22
3307,-9
3308,2
3309,-9
3310,8
3311,31
3312,24
3313,10
3314,-2
3315,0
3316,-20
3317,-40
3318,4
3319,17
3320,19
3321,23
3322,24
3323,-9
3324,-20
3325,-23
3326,-25
3327,-9
3328,-3
3329,23
3330,30
3331,19
3332,44
3333,17
3334,15
3335,11
3336,-6
3337,-17
3338,-17
3339,18
3340,35
3341,52
3342,43
3343,28
3344,21
3345,-3
3346,-25
3347,-31
3348,-4
3349,1
3350,55
3351,38
3352,40
3353,13
3354,15
3355,2
3356,-7
3357,-6
3358,12
3359,27
3360,37
3361,54
3362,51
3363,24
3364,-6
3365,-27
3366,-7
3367,4
3368,12
3369,17
3370,71
3371,60
3372,44
3373,66
3374,46
3375,19
3376,24
3377,16
3378,36
3379,47
3380,87
3381,81
3382,82
3383,74
3384,65
3385,34
3386,28
3387,28
3388,38
3389,74
3390,91
3391,72
3392,97
3393,88
3394,63
3395,44
3396,42
3397,51
3398,56
3399,72
3400,82
3401,106
3402,80
3403,43
3404,30
3405,-5
3406,30
3407,16
3408,16
3409,65
3410,72
3411,53
3412,39
3413,48
3414,48
3415,18
3416,31
3417,37
3418,31
3419,31
3420,57
3421,61
3422,42
3423,17
3424,14
3425,-8
3426,-22
3427,-16
3428,4
3429,8
3430,44
3431,35
3432,20
3433,32
3434,-12
3435,-31
3436,-16
3437,-8
3438,-3
3439,9
3440,25
3441,48
3442,29
3443,-30
3444,-12
3445,-32
3446,-28
3447,-12
3448,20
3449,5
3450,35
3451,28
3452,28
3453,6
3454,8
3455,-13
3456,-29
3457,4
3458,39
3459,24
3460,47
3461,41
3462,22
3463,2
3464,-29
3465,-24
3466,-29
3467,-9
3468,8
3469,10
3470,28
3471,41
3472,40
3473,14
3474,-2
3475,-9
3476,-10
3477,-32
3478,-12
3479,-11
3480,20
3481,32
3482,39
3483,13
3484,-5
3485,-16
3486,-37
3487,-14
3488,-7
3489,-3
3490,23
3491,23
3492,6
3493,-20
3494,-7
3495,-19
3496,-1
3497,27
3498,23
3499,25
3500,43
3501,35
3502,17
3503,11
3504,-6
3505,-14
3506,-8
3507,-7
3508,38
3509,25
3510,23
3511,47
3512,-6
3513,-1
3514,-11
3515,-11
3516,1
3517,-9
3518,17
3519,33
3520,40
3521,31
3522,9
3523,13
3524,-27
3525,-15
3526,-19
3527,2
3528,5
3529,38
3530,26
3531,17
3532,7
3533,2
3534,-27
3535,-16
3536,-8
3537,41
3538,-4
3539,12
3540,14
3541,34
3542,9
3543,-1
3544,-6
3545,-24
3546,-14
3547,6
3548,12
3549,46
3550,62
3551,24
3552,-4
3553,5
3554,-21
3555,-17
3556,1
3557,1
3558,-2
3559,41
3560,30
3561,30
3562,5
3563,-5
3564,-25
3565,-32
3566,-6
3567,-1
3568,7
3569,53
3570,15
3571,9
3572,7
3573,-17
3574,-44
3575,-38
3576,5
3577,40
3578,38
3579,37
3580,36
3581,56
3582,25
3583,-6
3584,-30
3585,-35
3586,-5
3587,-20
3588,-2
3589,39
3590,35
3591,36
3592,8
3593,13
3594,-12
3595,-8
3596,-10
3597,13
3598,20
3599,30
3600,23
3601,25
3602,-1
3603,-33
3604,-22
3605,-19
3606,-42
3607,9
3608,2
3609,32
3610,38
3611,17
3612,-17
3613,0
3614,-9
3615,-18
3616,-17
3617,6
3618,5
3619,19
3620,18
3621,1
3622,-11
3623,14
3624,-3
3625,-5
3626,-16
3627,1
3628,27
3629,26
3630,45
3631,7
3632,-2
3633,-7
3634,-4
3635,-6
3636,-11
3637,15
3638,2
3639,29
3640,45
3641,27
3642,7
3643,-7
3644,-3
3645,-10
3646,6
3647,29
3648,56
3649,63
3650,38
3651,33
3652,31
3653,15
3654,7
3655,12
3656,43
3657,37
3658,36
3659,46
3660,20
3661,27
3662,6
3663,1
3664,-10
3665,-26
3666,-18
3667,20
3668,33
3669,32
3670,26
3671,-3
3672,9
3673,-6
3674,-18
3675,-13
3676,-5
3677,32
3678,29
3679,17
3680,17
3681,1
3682,-3
3683,-20
3684,-41
3685,-6
3686,5
3687,4
3688,53
3689,34
3690,15
3691,15
3692,-1
3693,-18
3694,-16
3695,-23
3696,-3
3697,14
3698,11
3699,19
3700,41
3701,-13
3702,-14
3703,-55
3704,-6
3705,-18
3706,-12
3707,20
3708,42
3709,59
3710,17
3711,-2
3712,-26
3713,-37
3714,-32
3715,1
3716,17
3717,8
3718,23
3719,25
3720,48
3721,13
3722,22
3723,-25
3724,-31
3725,4
3726,13
3727,21
3728,70
3729,107
3730,101
3731,115
3732,139
3733,141
3734,159
3735,151
3736,153
3737,162
3738,149
3739,144
3740,104
3741,97
3742,90
3743,44
3744,8
3745,-31
3746,-34
3747,-7
3748,34
3749,28
3750,17
3751,1
3752,-12
3753,-31
3754,-30
3755,-36
3756,-16
3757,12
3758,19
3759,39
3760,21
3761,-14
3762,-5
3763,-34
3764,-29
3765,-30
3766,-11
3767,35
3768,30
3769,22
3770,22
3771,5
3772,-4
3773,-29
3774,-15
3775,11
3776,25
3777,-9
3778,30
3779,21
3780,17
3781,10
3782,0
3783,-19
3784,-17
3785,-1
3786,18
3787,31
3788,40
3789,35
3790,17
3791,5
3792,-15
3793,-19
3794,-15
3795,-17
3796,-8
3797,10
3798,30
3799,46
3800,23
3801,-2
3802,-16
3803,-11
3804,-10
3805,2
3806,-1
3807,16
3808,34
3809,48
3810,-1
3811,8
3812,-2
3813,-11
3814,-7
3815,0
3816,15
3817,40
3818,25
3819,42
3820,28
3821,14
3822,6
3823,-12
3824,12
3825,19
3826,43
3827,52
3828,56
3829,57
3830,26
3831,19
3832,16
3833,23
3834,11
3835,4
3836,36
3837,75
3838,80
3839,89
3840,80
3841,37
3842,36
3843,12
3844,28
3845,46
3846,42
3847,82
3848,82
3849,73
3850,72
3851,81
3852,50
3853,50
3854,58
3855,61
3856,68
3857,89
3858,86
3859,83
3860,68
3861,34
3862,16
3863,39
3864,63
3865,47
3866,49
3867,83
3868,62
3869,54
3870,56
3871,23
3872,-3
3873,-4
3874,-9
3875,16
3876,30
3877,68
3878,66
3879,50
3880,46
3881,24
3882,-12
3883,-15
3884,-17
3885,31
3886,20
3887,47
3888,50
3889,23
3890,14
3891,7
3892,-2
3893,-4
3894,4
3895,6
3896,14
3897,42
3898,29
3899,13
3900,0
3901,11
3902,-23
3903,-13
3904,3
3905,10
3906,-1
3907,22
3908,54
3909,4
3910,3
3911,-2
3912,-23
3913,-27
3914,4
3915,12
3916,1
3917,20
3918,4
3919,8
3920,28
3921,7
3922,-38
3923,-35
3924,-17
3925,-1
3926,10
3927,44
3928,24
3929,28
3930,3
3931,-12
3932,-31
3933,-5
3934,19
3935,25
3936,34
3937,26
3938,22
3939,12
3940,13
3941,-10
3942,-17
3943,-26
3944,-1
3945,14
3946,36
3947,46
3948,26
3949,8
3950,1
3951,-12
3952,-17
3953,-12
3954,9
3955,1
3956,28
3957,56
3958,40
3959,-4
3960,-9
3961,-24
3962,-33
3963,-26
3964,-9
3965,16
3966,37
3967,40
3968,33
3969,20
3970,-15
3971,-45
3972,9
3973,10
3974,-14
3975,-3
3976,26
3977,31
3978,34
3979,2
3980,13
3981,-17
3982,1
3983,-3
3984,20
3985,8
3986,29
3987,42
3988,32
3989,13
3990,23
3991,-18
3992,-15
3993,-14
3994,12
3995,17
3996,37
3997,33
3998,37
3999,24
4000,-5
4001,-19
4002,-12
4003,-28
4004,0
4005,23
4006,37
4007,34
4008,17
4009,4
4010,9
4011,-19
4012,-28
4013,-9
4014,21
4015,9
4016,26
4017,24
4018,9
4019,11
4020,-11
4021,-10
4022,-17
4023,-16
4024,-7
4025,-11
4026,22
4027,37
4028,21
4029,-8
4030,-4
4031,-34
4032,-7
4033,-6
4034,9
4035,41
4036,46
4037,51
4038,19
4039,-2
4040,3
4041,-8
4042,-14
4043,-4
4044,-7
4045,7
4046,41
4047,48
4048,7
4049,3
4050,-9
4051,-20
4052,-7
4053,-12
4054,1
4055,14
4056,31
4057,15
4058,12
4059,30
4060,3
4061,-36
4062,-44
4063,-37
4064,15
4065,12
4066,34
4067,42
4068,15
4069,32
4070,7
4071,-21
4072,-10
4073,9
4074,-5
4075,25
4076,39
4077,37
4078,15
4079,3
4080,-3
4081,-21
4082,-15
4083,-35
4084,28
4085,28
4086,32
4087,42
4088,28
4089,32
4090,17
4091,0
4092,27
4093,29
4094,43
4095,43
4096,56
4097,64
4098,32
4099,19
4100,11
4101,-14
4102,-16
4103,-9
4104,36
4105,34
4106,51
4107,43
4108,18
4109,20
4110,0
4111,-12
4112,-24
4113,4
4114,17
4115,38
4116,39
4117,27
4118,12
4119,-13
4120,-12
4121,-24
4122,-28
4123,-15
4124,1
4125,27
4126,15
4127,24
4128,3
4129,-9
4130,-30
4131,-21
4132,-23
4133,8
4134,14
4135,22
4136,11
4137,22
4138,19
4139,-1
4140,-11
4141,-17
4142,-13
4143,3
4144,19
4145,18
4146,26
4147,36
4148,-1
4149,1
4150,-11
4151,-2
4152,-7
4153,-13
4154,-7
4155,9
4156,7
4157,9
4158,2
4159,8
4160,-8
4161,-9
4162,19
4163,4
4164,-4
4165,32
4166,46
4167,16
4168,30
4169,34
4170,39
4171,69
4172,92
4173,119
4174,154
4175,195
4176,190
4177,199
4178,161
4179,154
4180,109
4181,79
4182,102
4183,76
4184,70
4185,79
4186,32
4187,-10
4188,-12
4189,-20
4190,-16
4191,-38
4192,-14
4193,10
4194,2
4195,23
4196,34
4197,23
4198,29
4199,-7
4200,-43
4201,1
4202,-12
4203,-4
4204,23
4205,21
4206,32
4207,27
4208,-12
4209,11
4210,-13
4211,-31
4212,-20
4213,9
4214,6
4215,31
4216,12
4217,36
4218,10
4219,-3
4220,-17
4221,-25
4222,1
4223,11
4224,36
4225,41
4226,29
4227,10
4228,6
4229,-4
4230,-8
4231,-48
4232,-15
4233,9
4234,18
4235,29
4236,42
4237,22
4238,11
4239,-4
4240,-21
4241,-39
4242,-10
4243,26
4244,31
4245,30
4246,37
4247,21
4248,11
4249,18
4250,-8
4251,1
4252,14
4253,11
4254,39
4255,60
4256,54
4257,31
4258,11
4259,-14
4260,-9
4261,7
4262,-1
4263,31
4264,45
4265,49
4266,64
4267,43
4268,16
4269,2
4270,-18
4271,2
4272,10
4273,30
4274,51
4275,65
4276,61
4277,46
4278,47
4279,31
4280,14
4281,45
4282,43
4283,43
4284,71
4285,79
4286,65
4287,72
4288,67
4289,48
4290,23
4291,43
4292,59
4293,73
4294,98
4295,116
4296,105
4297,67
4298,89
4299,37
4300,26
4301,30
4302,53
4303,74
4304,94
4305,108
4306,83
4307,70
4308,51
4309,23
4310,13
4311,38
4312,33
4313,32
4314,53
4315,79
4316,43
4317,36
4318,35
4319,5
4320,-4
4321,4
4322,22
4323,27
4324,43
4325,45
4326,32
4327,32
4328,-3
4329,-18
4330,9
4331,-8
4332,19
4333,5
4334,42
4335,49
4336,33
4337,13
4338,2
4339,-12
4340,3
4341,-3
4342,10
4343,1
4344,38
4345,24
4346,46
4347,6
4348,8
4349,-15
4350,-27
4351,-12
4352,10
4353,15
4354,42
4355,53
4356,7
4357,-16
4358,-29
4359,-25
4360,-12
4361,-9
4362,-2
4363,10
4364,56
4365,30
4366,23
4367,24
4368,9
4369,-22
4370,-39
4371,-3
4372,43
4373,12
4374,32
4375,10
4376,9
4377,18
4378,12
4379,-19
4380,-6
4381,5
4382,3
4383,24
4384,23
4385,29
4386,17
4387,11
4388,6
4389,-11
4390,-20
4391,-2
4392,5
4393,33
4394,36
4395,30
4396,9
4397,9
4398,-7
4399,-22
4400,-10
4401,-9
4402,3
4403,38
4404,45
4405,29
4406,28
4407,15
4408,4
4409,-6
4410,-2
4411,-13
4412,12
4413,43
4414,22
4415,14
4416,31
4417,23
4418,13
4419,-9
4420,0
4421,15
4422,27
4423,27
4424,37
4425,22
4426,19
4427,20
4428,-3
4429,7
4430,-7
4431,-6
4432,17
4433,29
4434,24
4435,19
4436,28
4437,-7
4438,-2
4439,8
4440,4
4441,4
4442,3
4443,15
4444,37
4445,37
4446,16
4447,-6
4448,-24
4449,-24
4450,-11
4451,12
4452,3
4453,25
4454,50
4455,52
4456,27
4457,-2
4458,-12
4459,-18
4460,-7
4461,2
4462,22
4463,28
4464,35
4465,19
4466,28
4467,5
4468,-18
4469,-3
4470,-3
4471,9
4472,21
4473,46
4474,35
4475,34
4476,27
4477,0
4478,-17
4479,-9
4480,-18
4481,-1
4482,17
4483,37
4484,24
4485,23
4486,15
4487,6
4488,-15
4489,5
4490,-12
4491,-1
4492,18
4493,29
4494,22
4495,36
4496,-4
4497,-8
4498,-16
4499,-19
4500,-12
4501,1
4502,19
4503,37
4504,51
4505,37
4506,18
4507,-14
4508,-2
4509,-17
4510,-7
4511,-4
4512,32
4513,50
4514,45
4515,21
4516,25
4517,22
4518,0
4519,3
4520,-6
4521,41
4522,54
4523,69
4524,49
4525,46
4526,22
4527,19
4528,17
4529,13
4530,8
4531,15
4532,28
4533,47
4534,50
4535,62
4536,43
4537,15
4538,-3
4539,-20
4540,14
4541,5
4542,24
4543,45
4544,37
4545,21
4546,-15
4547,-26
4548,-23
4549,-28
4550,-1
4551,-4
4552,19
4553,44
4554,39
4555,17
4556,-5
4557,-23
4558,-10
4559,-30
4560,2
4561,28
4562,22
4563,36
4564,30
4565,13
4566,-12
4567,-6
4568,-2
4569,-30
4570,-11
4571,15
4572,3
4573,8
4574,24
4575,18
4576,1
4577,-5
4578,-7
4579,-4
4580,-14
4581,6
4582,33
4583,48
4584,32
4585,7
4586,1
4587,-35
4588,-24
4589,-21
4590,13
4591,32
4592,58
4593,65
4594,57
4595,14
4596,-19
4597,-14
4598,-3
4599,15
4600,33
4601,68
4602,115
4603,151
4604,153
4605,147
4606,157
4607,102
4608,115
4609,114
4610,85
4611,100
4612,86
4613,105
4614,98
4615,13
4616,-31
4617,-72
4618,-44
4619,-17
4620,-5
4621,4
4622,30
4623,41
4624,35
4625,10
4626,11
4627,-19
4628,-33
4629,-16
4630,19
4631,22
4632,23
4633,18
4634,40
4635,20
4636,-13
4637,-18
4638,-24
4639,10
4640,1
4641,8
4642,21
4643,40
4644,25
4645,9
4646,-1
4647,-59
4648,-52
4649,-27
4650,22
4651,6
4652,58
4653,50
4654,49
4655,36
4656,22
4657,-39
4658,-15
4659,3
4660,0
4661,-2
4662,43
4663,62
4664,18
4665,-7
4666,13
4667,-19
4668,-20
4669,-15
4670,15
4671,59
4672,37
4673,31
4674,35
4675,20
4676,10
4677,-22
4678,-12
4679,21
4680,15
4681,25
4682,47
4683,60
4684,43
4685,21
4686,21
4687,-1
4688,-17
4689,2
4690,27
4691,45
4692,48
4693,46
4694,32
4695,24
4696,-15
4697,-10
4698,11
4699,20
4700,32
4701,50
4702,72
4703,58
4704,49
4705,60
4706,50
4707,3
4708,30
4709,45
4710,58
4711,54
4712,65
4713,93
4714,79
4715,55
4716,57
4717,33
4718,39
4719,58
4720,64
4721,70
4722,105
4723,114
4724,87
4725,74
4726,46
4727,54
4728,62
4729,66
4730,68
4731,97
4732,104
4733,86
4734,74
4735,63
4736,44
4737,25
4738,30
4739,38
4740,53
4741,70
4742,66
4743,83
4744,62
4745,45
4746,23
4747,9
4748,17
4749,16
4750,-3
4751,35
4752,56
4753,40
4754,20
4755,16
4756,0
4757,16
4758,-1
4759,9
4760,28
4761,35
4762,35
4763,25
4764,22
4765,1
4766,-24
4767,-10
4768,2
4769,5
4770,3
4771,37
4772,44
4773,54
4774,32
4775,18
4776,-24
4777,-33
4778,-17
4779,4
4780,1
4781,36
4782,23
4783,16
4784,12
4785,-7
4786,-12
4787,-9
4788,3
4789,6
4790,26
4791,34
4792,33
4793,40
4794,6
4795,-16
4796,-14
4797,-4
4798,-25
4799,11
4800,9
4801,33
4802,48
4803,38
4804,15
4805,13
4806,-38
4807,-31
4808,0
4809,43
4810,4
4811,46
4812,34
4813,19
4814,1
4815,0
4816,-4
4817,-5
4818,-32
4819,5
4820,-5
4821,42
4822,54
4823,37
4824,6
4825,-7
4826,-18
4827,-5
4828,0
4829,18
4830,9
4831,28
4832,32
4833,17
4834,8
4835,-2
4836,-9
4837,-5
4838,-8
4839,16
4840,34
4841,35
4842,45
4843,31
4844,24
4845,10
4846,0
4847,-6
4848,11
4849,18
4850,23
4851,45
4852,12
4853,58
4854,18
4855,9
4856,-35
4857,-31
4858,-4
4859,23
4860,27
4861,49
4862,37
4863,17
4864,-20
4865,-23
4866,-12
4867,-22
4868,13
4869,1
4870,14
4871,52
4872,10
4873,27
4874,21
4875,-16
4876,-12
4877,-14
4878,-10
4879,3
4880,38
4881,45
4882,37
4883,22
4884,-4
4885,-8
4886,-10
4887,-6
4888,14
4889,21
4890,56
4891,33
4892,37
4893,29
4894,-3
4895,-39
4896,5
4897,16
4898,22
4899,9
4900,28
4901,41
4902,47
4903,4
4904,-11
4905,-12
4906,-17
4907,-10
4908,-22
4909,16
4910,36
4911,38
4912,27
4913,25
4914,28
4915,-2
4916,17
4917,-5
4918,22
4919,27
4920,68
4921,58
4922,31
4923,22
4924,-9
4925,-22
4926,-1
4927,16
4928,18
4929,43
4930,81
4931,67
4932,57
4933,22
4934,27
4935,11
4936,-1
4937,-9
4938,13
4939,14
4940,54
4941,66
4942,22
4943,12
4944,11
4945,-14
4946,-4
4947,-4
4948,-14
4949,-12
4950,47
4951,22
4952,-6
4953,10
4954,12
4955,-15
4956,-14
4957,12
4958,1
4959,11
4960,29
4961,29
4962,5
4963,4
4964,-1
4965,-20
4966,-36
4967,-35
4968,-24
4969,8
4970,55
4971,45
4972,36
4973,16
4974,-9
4975,-1
4976,-16
4977,-6
4978,6
4979,22
4980,35
4981,33
4982,27
4983,9
4984,8
4985,-21
4986,-35
4987,-12
4988,12
4989,41
4990,41
4991,43
4992,36
4993,4
4994,11
4995,-15
4996,-16
4997,33
4998,36
4999,43
